{
	"data": [
		{
			"url": "https://api.github.com/gists/21d7c373417d0e812d4ba5fa7cea8891",
			"forks_url": "https://api.github.com/gists/21d7c373417d0e812d4ba5fa7cea8891/forks",
			"commits_url": "https://api.github.com/gists/21d7c373417d0e812d4ba5fa7cea8891/commits",
			"id": "21d7c373417d0e812d4ba5fa7cea8891",
			"node_id": "MDQ6R2lzdDIxZDdjMzczNDE3ZDBlODEyZDRiYTVmYTdjZWE4ODkx",
			"git_pull_url": "https://gist.github.com/21d7c373417d0e812d4ba5fa7cea8891.git",
			"git_push_url": "https://gist.github.com/21d7c373417d0e812d4ba5fa7cea8891.git",
			"html_url": "https://gist.github.com/21d7c373417d0e812d4ba5fa7cea8891",
			"files": {
				"Switch.tsx": {
					"filename": "Switch.tsx",
					"type": "text/plain",
					"language": "TSX",
					"raw_url": "https://gist.githubusercontent.com/steveruizok/21d7c373417d0e812d4ba5fa7cea8891/raw/1cb3a920377ec0adb22d93ed15fb14e145201e5b/Switch.tsx",
					"size": 142
				}
			},
			"public": true,
			"created_at": "2019-06-22T19:45:04Z",
			"updated_at": "2019-06-22T19:47:14Z",
			"description": "Switch Tutorial, Part 2 (6)",
			"comments": 0,
			"user": null,
			"comments_url": "https://api.github.com/gists/21d7c373417d0e812d4ba5fa7cea8891/comments",
			"owner": {
				"login": "steveruizok",
				"id": 23072548,
				"node_id": "MDQ6VXNlcjIzMDcyNTQ4",
				"avatar_url": "https://avatars2.githubusercontent.com/u/23072548?v=4",
				"gravatar_id": "",
				"url": "https://api.github.com/users/steveruizok",
				"html_url": "https://github.com/steveruizok",
				"followers_url": "https://api.github.com/users/steveruizok/followers",
				"following_url": "https://api.github.com/users/steveruizok/following{/other_user}",
				"gists_url": "https://api.github.com/users/steveruizok/gists{/gist_id}",
				"starred_url": "https://api.github.com/users/steveruizok/starred{/owner}{/repo}",
				"subscriptions_url": "https://api.github.com/users/steveruizok/subscriptions",
				"organizations_url": "https://api.github.com/users/steveruizok/orgs",
				"repos_url": "https://api.github.com/users/steveruizok/repos",
				"events_url": "https://api.github.com/users/steveruizok/events{/privacy}",
				"received_events_url": "https://api.github.com/users/steveruizok/received_events",
				"type": "User",
				"site_admin": false
			},
			"truncated": false
		},
		{
			"url": "https://api.github.com/gists/9977e14490a7b428554290869e2afa73",
			"forks_url": "https://api.github.com/gists/9977e14490a7b428554290869e2afa73/forks",
			"commits_url": "https://api.github.com/gists/9977e14490a7b428554290869e2afa73/commits",
			"id": "9977e14490a7b428554290869e2afa73",
			"node_id": "MDQ6R2lzdDk5NzdlMTQ0OTBhN2I0Mjg1NTQyOTA4NjllMmFmYTcz",
			"git_pull_url": "https://gist.github.com/9977e14490a7b428554290869e2afa73.git",
			"git_push_url": "https://gist.github.com/9977e14490a7b428554290869e2afa73.git",
			"html_url": "https://gist.github.com/9977e14490a7b428554290869e2afa73",
			"files": {
				"Switch.tsx": {
					"filename": "Switch.tsx",
					"type": "text/plain",
					"language": "TSX",
					"raw_url": "https://gist.githubusercontent.com/steveruizok/9977e14490a7b428554290869e2afa73/raw/61e3eb312e295200aa97c236eed1b6d9b5e833ef/Switch.tsx",
					"size": 39
				}
			},
			"public": true,
			"created_at": "2019-06-22T19:44:45Z",
			"updated_at": "2019-06-22T19:44:45Z",
			"description": "Switch Tutorial, Part 2 (5)",
			"comments": 0,
			"user": null,
			"comments_url": "https://api.github.com/gists/9977e14490a7b428554290869e2afa73/comments",
			"owner": {
				"login": "steveruizok",
				"id": 23072548,
				"node_id": "MDQ6VXNlcjIzMDcyNTQ4",
				"avatar_url": "https://avatars2.githubusercontent.com/u/23072548?v=4",
				"gravatar_id": "",
				"url": "https://api.github.com/users/steveruizok",
				"html_url": "https://github.com/steveruizok",
				"followers_url": "https://api.github.com/users/steveruizok/followers",
				"following_url": "https://api.github.com/users/steveruizok/following{/other_user}",
				"gists_url": "https://api.github.com/users/steveruizok/gists{/gist_id}",
				"starred_url": "https://api.github.com/users/steveruizok/starred{/owner}{/repo}",
				"subscriptions_url": "https://api.github.com/users/steveruizok/subscriptions",
				"organizations_url": "https://api.github.com/users/steveruizok/orgs",
				"repos_url": "https://api.github.com/users/steveruizok/repos",
				"events_url": "https://api.github.com/users/steveruizok/events{/privacy}",
				"received_events_url": "https://api.github.com/users/steveruizok/received_events",
				"type": "User",
				"site_admin": false
			},
			"truncated": false
		},
		{
			"url": "https://api.github.com/gists/79260ab018d78203307a343f83dfdb31",
			"forks_url": "https://api.github.com/gists/79260ab018d78203307a343f83dfdb31/forks",
			"commits_url": "https://api.github.com/gists/79260ab018d78203307a343f83dfdb31/commits",
			"id": "79260ab018d78203307a343f83dfdb31",
			"node_id": "MDQ6R2lzdDc5MjYwYWIwMThkNzgyMDMzMDdhMzQzZjgzZGZkYjMx",
			"git_pull_url": "https://gist.github.com/79260ab018d78203307a343f83dfdb31.git",
			"git_push_url": "https://gist.github.com/79260ab018d78203307a343f83dfdb31.git",
			"html_url": "https://gist.github.com/79260ab018d78203307a343f83dfdb31",
			"files": {
				"Switch.tsx": {
					"filename": "Switch.tsx",
					"type": "text/plain",
					"language": "TSX",
					"raw_url": "https://gist.githubusercontent.com/steveruizok/79260ab018d78203307a343f83dfdb31/raw/9464a41dd77d73bb0e8ae13db1936e4f8cd8a705/Switch.tsx",
					"size": 98
				}
			},
			"public": true,
			"created_at": "2019-06-22T19:44:22Z",
			"updated_at": "2019-06-22T19:44:22Z",
			"description": "Switch Tutorial, Part 2 (4)",
			"comments": 0,
			"user": null,
			"comments_url": "https://api.github.com/gists/79260ab018d78203307a343f83dfdb31/comments",
			"owner": {
				"login": "steveruizok",
				"id": 23072548,
				"node_id": "MDQ6VXNlcjIzMDcyNTQ4",
				"avatar_url": "https://avatars2.githubusercontent.com/u/23072548?v=4",
				"gravatar_id": "",
				"url": "https://api.github.com/users/steveruizok",
				"html_url": "https://github.com/steveruizok",
				"followers_url": "https://api.github.com/users/steveruizok/followers",
				"following_url": "https://api.github.com/users/steveruizok/following{/other_user}",
				"gists_url": "https://api.github.com/users/steveruizok/gists{/gist_id}",
				"starred_url": "https://api.github.com/users/steveruizok/starred{/owner}{/repo}",
				"subscriptions_url": "https://api.github.com/users/steveruizok/subscriptions",
				"organizations_url": "https://api.github.com/users/steveruizok/orgs",
				"repos_url": "https://api.github.com/users/steveruizok/repos",
				"events_url": "https://api.github.com/users/steveruizok/events{/privacy}",
				"received_events_url": "https://api.github.com/users/steveruizok/received_events",
				"type": "User",
				"site_admin": false
			},
			"truncated": false
		},
		{
			"url": "https://api.github.com/gists/26dacfdf580628f03c9e28700d57ec41",
			"forks_url": "https://api.github.com/gists/26dacfdf580628f03c9e28700d57ec41/forks",
			"commits_url": "https://api.github.com/gists/26dacfdf580628f03c9e28700d57ec41/commits",
			"id": "26dacfdf580628f03c9e28700d57ec41",
			"node_id": "MDQ6R2lzdDI2ZGFjZmRmNTgwNjI4ZjAzYzllMjg3MDBkNTdlYzQx",
			"git_pull_url": "https://gist.github.com/26dacfdf580628f03c9e28700d57ec41.git",
			"git_push_url": "https://gist.github.com/26dacfdf580628f03c9e28700d57ec41.git",
			"html_url": "https://gist.github.com/26dacfdf580628f03c9e28700d57ec41",
			"files": {
				"Switch.tsx": {
					"filename": "Switch.tsx",
					"type": "text/plain",
					"language": "TSX",
					"raw_url": "https://gist.githubusercontent.com/steveruizok/26dacfdf580628f03c9e28700d57ec41/raw/156f494b5e7d1e3758ae6e376bd3a46b5558bf78/Switch.tsx",
					"size": 321
				}
			},
			"public": true,
			"created_at": "2019-06-22T19:43:37Z",
			"updated_at": "2019-06-22T19:43:37Z",
			"description": "Switch Tutorial, Part 2 (3)",
			"comments": 0,
			"user": null,
			"comments_url": "https://api.github.com/gists/26dacfdf580628f03c9e28700d57ec41/comments",
			"owner": {
				"login": "steveruizok",
				"id": 23072548,
				"node_id": "MDQ6VXNlcjIzMDcyNTQ4",
				"avatar_url": "https://avatars2.githubusercontent.com/u/23072548?v=4",
				"gravatar_id": "",
				"url": "https://api.github.com/users/steveruizok",
				"html_url": "https://github.com/steveruizok",
				"followers_url": "https://api.github.com/users/steveruizok/followers",
				"following_url": "https://api.github.com/users/steveruizok/following{/other_user}",
				"gists_url": "https://api.github.com/users/steveruizok/gists{/gist_id}",
				"starred_url": "https://api.github.com/users/steveruizok/starred{/owner}{/repo}",
				"subscriptions_url": "https://api.github.com/users/steveruizok/subscriptions",
				"organizations_url": "https://api.github.com/users/steveruizok/orgs",
				"repos_url": "https://api.github.com/users/steveruizok/repos",
				"events_url": "https://api.github.com/users/steveruizok/events{/privacy}",
				"received_events_url": "https://api.github.com/users/steveruizok/received_events",
				"type": "User",
				"site_admin": false
			},
			"truncated": false
		},
		{
			"url": "https://api.github.com/gists/ab08be86f4dee7ff26f22631234fb1a2",
			"forks_url": "https://api.github.com/gists/ab08be86f4dee7ff26f22631234fb1a2/forks",
			"commits_url": "https://api.github.com/gists/ab08be86f4dee7ff26f22631234fb1a2/commits",
			"id": "ab08be86f4dee7ff26f22631234fb1a2",
			"node_id": "MDQ6R2lzdGFiMDhiZTg2ZjRkZWU3ZmYyNmYyMjYzMTIzNGZiMWEy",
			"git_pull_url": "https://gist.github.com/ab08be86f4dee7ff26f22631234fb1a2.git",
			"git_push_url": "https://gist.github.com/ab08be86f4dee7ff26f22631234fb1a2.git",
			"html_url": "https://gist.github.com/ab08be86f4dee7ff26f22631234fb1a2",
			"files": {
				"Switch.tsx": {
					"filename": "Switch.tsx",
					"type": "text/plain",
					"language": "TSX",
					"raw_url": "https://gist.githubusercontent.com/steveruizok/ab08be86f4dee7ff26f22631234fb1a2/raw/179e2ad469751ac7f83d8a955238c301beab7c71/Switch.tsx",
					"size": 67
				}
			},
			"public": true,
			"created_at": "2019-06-22T19:42:33Z",
			"updated_at": "2019-06-22T19:43:48Z",
			"description": "Switch Tutorial, Part 2 (2)",
			"comments": 0,
			"user": null,
			"comments_url": "https://api.github.com/gists/ab08be86f4dee7ff26f22631234fb1a2/comments",
			"owner": {
				"login": "steveruizok",
				"id": 23072548,
				"node_id": "MDQ6VXNlcjIzMDcyNTQ4",
				"avatar_url": "https://avatars2.githubusercontent.com/u/23072548?v=4",
				"gravatar_id": "",
				"url": "https://api.github.com/users/steveruizok",
				"html_url": "https://github.com/steveruizok",
				"followers_url": "https://api.github.com/users/steveruizok/followers",
				"following_url": "https://api.github.com/users/steveruizok/following{/other_user}",
				"gists_url": "https://api.github.com/users/steveruizok/gists{/gist_id}",
				"starred_url": "https://api.github.com/users/steveruizok/starred{/owner}{/repo}",
				"subscriptions_url": "https://api.github.com/users/steveruizok/subscriptions",
				"organizations_url": "https://api.github.com/users/steveruizok/orgs",
				"repos_url": "https://api.github.com/users/steveruizok/repos",
				"events_url": "https://api.github.com/users/steveruizok/events{/privacy}",
				"received_events_url": "https://api.github.com/users/steveruizok/received_events",
				"type": "User",
				"site_admin": false
			},
			"truncated": false
		},
		{
			"url": "https://api.github.com/gists/d93ab2b3c36b763b641970d6500f44ca",
			"forks_url": "https://api.github.com/gists/d93ab2b3c36b763b641970d6500f44ca/forks",
			"commits_url": "https://api.github.com/gists/d93ab2b3c36b763b641970d6500f44ca/commits",
			"id": "d93ab2b3c36b763b641970d6500f44ca",
			"node_id": "MDQ6R2lzdGQ5M2FiMmIzYzM2Yjc2M2I2NDE5NzBkNjUwMGY0NGNh",
			"git_pull_url": "https://gist.github.com/d93ab2b3c36b763b641970d6500f44ca.git",
			"git_push_url": "https://gist.github.com/d93ab2b3c36b763b641970d6500f44ca.git",
			"html_url": "https://gist.github.com/d93ab2b3c36b763b641970d6500f44ca",
			"files": {
				"Switch.tsx": {
					"filename": "Switch.tsx",
					"type": "text/plain",
					"language": "TSX",
					"raw_url": "https://gist.githubusercontent.com/steveruizok/d93ab2b3c36b763b641970d6500f44ca/raw/7b85c2bbb08ba1aeaba4edafa9ef66b2f317baf0/Switch.tsx",
					"size": 147
				}
			},
			"public": true,
			"created_at": "2019-06-22T19:41:11Z",
			"updated_at": "2019-06-22T19:44:01Z",
			"description": "Switch Tutorial, Part 2 (1)",
			"comments": 0,
			"user": null,
			"comments_url": "https://api.github.com/gists/d93ab2b3c36b763b641970d6500f44ca/comments",
			"owner": {
				"login": "steveruizok",
				"id": 23072548,
				"node_id": "MDQ6VXNlcjIzMDcyNTQ4",
				"avatar_url": "https://avatars2.githubusercontent.com/u/23072548?v=4",
				"gravatar_id": "",
				"url": "https://api.github.com/users/steveruizok",
				"html_url": "https://github.com/steveruizok",
				"followers_url": "https://api.github.com/users/steveruizok/followers",
				"following_url": "https://api.github.com/users/steveruizok/following{/other_user}",
				"gists_url": "https://api.github.com/users/steveruizok/gists{/gist_id}",
				"starred_url": "https://api.github.com/users/steveruizok/starred{/owner}{/repo}",
				"subscriptions_url": "https://api.github.com/users/steveruizok/subscriptions",
				"organizations_url": "https://api.github.com/users/steveruizok/orgs",
				"repos_url": "https://api.github.com/users/steveruizok/repos",
				"events_url": "https://api.github.com/users/steveruizok/events{/privacy}",
				"received_events_url": "https://api.github.com/users/steveruizok/received_events",
				"type": "User",
				"site_admin": false
			},
			"truncated": false
		},
		{
			"url": "https://api.github.com/gists/f285c4c2f103cbc36c7d6546f036b3cb",
			"forks_url": "https://api.github.com/gists/f285c4c2f103cbc36c7d6546f036b3cb/forks",
			"commits_url": "https://api.github.com/gists/f285c4c2f103cbc36c7d6546f036b3cb/commits",
			"id": "f285c4c2f103cbc36c7d6546f036b3cb",
			"node_id": "MDQ6R2lzdGYyODVjNGMyZjEwM2NiYzM2YzdkNjU0NmYwMzZiM2Ni",
			"git_pull_url": "https://gist.github.com/f285c4c2f103cbc36c7d6546f036b3cb.git",
			"git_push_url": "https://gist.github.com/f285c4c2f103cbc36c7d6546f036b3cb.git",
			"html_url": "https://gist.github.com/f285c4c2f103cbc36c7d6546f036b3cb",
			"files": {
				"UserCard.tsx": {
					"filename": "UserCard.tsx",
					"type": "text/plain",
					"language": "TSX",
					"raw_url": "https://gist.githubusercontent.com/steveruizok/f285c4c2f103cbc36c7d6546f036b3cb/raw/92571d20e3729d6983b81ca5964e9ff62fbfacdc/UserCard.tsx",
					"size": 362
				}
			},
			"public": true,
			"created_at": "2019-06-21T11:17:52Z",
			"updated_at": "2019-06-21T11:17:53Z",
			"description": "An example Framer X code component showing how to type and de-structure props, so that the component's container can still accept its regular props.",
			"comments": 0,
			"user": null,
			"comments_url": "https://api.github.com/gists/f285c4c2f103cbc36c7d6546f036b3cb/comments",
			"owner": {
				"login": "steveruizok",
				"id": 23072548,
				"node_id": "MDQ6VXNlcjIzMDcyNTQ4",
				"avatar_url": "https://avatars2.githubusercontent.com/u/23072548?v=4",
				"gravatar_id": "",
				"url": "https://api.github.com/users/steveruizok",
				"html_url": "https://github.com/steveruizok",
				"followers_url": "https://api.github.com/users/steveruizok/followers",
				"following_url": "https://api.github.com/users/steveruizok/following{/other_user}",
				"gists_url": "https://api.github.com/users/steveruizok/gists{/gist_id}",
				"starred_url": "https://api.github.com/users/steveruizok/starred{/owner}{/repo}",
				"subscriptions_url": "https://api.github.com/users/steveruizok/subscriptions",
				"organizations_url": "https://api.github.com/users/steveruizok/orgs",
				"repos_url": "https://api.github.com/users/steveruizok/repos",
				"events_url": "https://api.github.com/users/steveruizok/events{/privacy}",
				"received_events_url": "https://api.github.com/users/steveruizok/received_events",
				"type": "User",
				"site_admin": false
			},
			"truncated": false
		},
		{
			"url": "https://api.github.com/gists/3b10b31e1d059d2981bb0436dd6d7c09",
			"forks_url": "https://api.github.com/gists/3b10b31e1d059d2981bb0436dd6d7c09/forks",
			"commits_url": "https://api.github.com/gists/3b10b31e1d059d2981bb0436dd6d7c09/commits",
			"id": "3b10b31e1d059d2981bb0436dd6d7c09",
			"node_id": "MDQ6R2lzdDNiMTBiMzFlMWQwNTlkMjk4MWJiMDQzNmRkNmQ3YzA5",
			"git_pull_url": "https://gist.github.com/3b10b31e1d059d2981bb0436dd6d7c09.git",
			"git_push_url": "https://gist.github.com/3b10b31e1d059d2981bb0436dd6d7c09.git",
			"html_url": "https://gist.github.com/3b10b31e1d059d2981bb0436dd6d7c09",
			"files": {
				"Example.tsx": {
					"filename": "Example.tsx",
					"type": "text/plain",
					"language": "TSX",
					"raw_url": "https://gist.githubusercontent.com/steveruizok/3b10b31e1d059d2981bb0436dd6d7c09/raw/536854fb9523e4a4dc972aefbe2bc29b61e52186/Example.tsx",
					"size": 1471
				}
			},
			"public": true,
			"created_at": "2019-06-21T11:15:38Z",
			"updated_at": "2019-06-21T11:16:48Z",
			"description": "An example Framer X code component.",
			"comments": 0,
			"user": null,
			"comments_url": "https://api.github.com/gists/3b10b31e1d059d2981bb0436dd6d7c09/comments",
			"owner": {
				"login": "steveruizok",
				"id": 23072548,
				"node_id": "MDQ6VXNlcjIzMDcyNTQ4",
				"avatar_url": "https://avatars2.githubusercontent.com/u/23072548?v=4",
				"gravatar_id": "",
				"url": "https://api.github.com/users/steveruizok",
				"html_url": "https://github.com/steveruizok",
				"followers_url": "https://api.github.com/users/steveruizok/followers",
				"following_url": "https://api.github.com/users/steveruizok/following{/other_user}",
				"gists_url": "https://api.github.com/users/steveruizok/gists{/gist_id}",
				"starred_url": "https://api.github.com/users/steveruizok/starred{/owner}{/repo}",
				"subscriptions_url": "https://api.github.com/users/steveruizok/subscriptions",
				"organizations_url": "https://api.github.com/users/steveruizok/orgs",
				"repos_url": "https://api.github.com/users/steveruizok/repos",
				"events_url": "https://api.github.com/users/steveruizok/events{/privacy}",
				"received_events_url": "https://api.github.com/users/steveruizok/received_events",
				"type": "User",
				"site_admin": false
			},
			"truncated": false
		},
		{
			"url": "https://api.github.com/gists/c57908ab22bb36a11246b7e538fef469",
			"forks_url": "https://api.github.com/gists/c57908ab22bb36a11246b7e538fef469/forks",
			"commits_url": "https://api.github.com/gists/c57908ab22bb36a11246b7e538fef469/commits",
			"id": "c57908ab22bb36a11246b7e538fef469",
			"node_id": "MDQ6R2lzdGM1NzkwOGFiMjJiYjM2YTExMjQ2YjdlNTM4ZmVmNDY5",
			"git_pull_url": "https://gist.github.com/c57908ab22bb36a11246b7e538fef469.git",
			"git_push_url": "https://gist.github.com/c57908ab22bb36a11246b7e538fef469.git",
			"html_url": "https://gist.github.com/c57908ab22bb36a11246b7e538fef469",
			"files": {
				"Counter.tsx": {
					"filename": "Counter.tsx",
					"type": "text/plain",
					"language": "TSX",
					"raw_url": "https://gist.githubusercontent.com/steveruizok/c57908ab22bb36a11246b7e538fef469/raw/006140433ef4835621a4815ca2034d203ec463e3/Counter.tsx",
					"size": 337
				}
			},
			"public": true,
			"created_at": "2019-06-21T11:14:54Z",
			"updated_at": "2019-06-21T11:14:54Z",
			"description": "A Framer X code component that returns a \"decorated\" code component.",
			"comments": 0,
			"user": null,
			"comments_url": "https://api.github.com/gists/c57908ab22bb36a11246b7e538fef469/comments",
			"owner": {
				"login": "steveruizok",
				"id": 23072548,
				"node_id": "MDQ6VXNlcjIzMDcyNTQ4",
				"avatar_url": "https://avatars2.githubusercontent.com/u/23072548?v=4",
				"gravatar_id": "",
				"url": "https://api.github.com/users/steveruizok",
				"html_url": "https://github.com/steveruizok",
				"followers_url": "https://api.github.com/users/steveruizok/followers",
				"following_url": "https://api.github.com/users/steveruizok/following{/other_user}",
				"gists_url": "https://api.github.com/users/steveruizok/gists{/gist_id}",
				"starred_url": "https://api.github.com/users/steveruizok/starred{/owner}{/repo}",
				"subscriptions_url": "https://api.github.com/users/steveruizok/subscriptions",
				"organizations_url": "https://api.github.com/users/steveruizok/orgs",
				"repos_url": "https://api.github.com/users/steveruizok/repos",
				"events_url": "https://api.github.com/users/steveruizok/events{/privacy}",
				"received_events_url": "https://api.github.com/users/steveruizok/received_events",
				"type": "User",
				"site_admin": false
			},
			"truncated": false
		},
		{
			"url": "https://api.github.com/gists/f0f1237c0cb04d1001bbdc0a3e1eb326",
			"forks_url": "https://api.github.com/gists/f0f1237c0cb04d1001bbdc0a3e1eb326/forks",
			"commits_url": "https://api.github.com/gists/f0f1237c0cb04d1001bbdc0a3e1eb326/commits",
			"id": "f0f1237c0cb04d1001bbdc0a3e1eb326",
			"node_id": "MDQ6R2lzdGYwZjEyMzdjMGNiMDRkMTAwMWJiZGMwYTNlMWViMzI2",
			"git_pull_url": "https://gist.github.com/f0f1237c0cb04d1001bbdc0a3e1eb326.git",
			"git_push_url": "https://gist.github.com/f0f1237c0cb04d1001bbdc0a3e1eb326.git",
			"html_url": "https://gist.github.com/f0f1237c0cb04d1001bbdc0a3e1eb326",
			"files": {
				"EventPropExample.tsx": {
					"filename": "EventPropExample.tsx",
					"type": "text/plain",
					"language": "TSX",
					"raw_url": "https://gist.githubusercontent.com/steveruizok/f0f1237c0cb04d1001bbdc0a3e1eb326/raw/e7c2c94047f2622a9d4cc280085aa44c7fe705f8/EventPropExample.tsx",
					"size": 732
				}
			},
			"public": true,
			"created_at": "2019-06-21T11:12:45Z",
			"updated_at": "2019-06-21T11:12:46Z",
			"description": "Example Framer X code component that \"shares\" changes to its state through an event prop.",
			"comments": 0,
			"user": null,
			"comments_url": "https://api.github.com/gists/f0f1237c0cb04d1001bbdc0a3e1eb326/comments",
			"owner": {
				"login": "steveruizok",
				"id": 23072548,
				"node_id": "MDQ6VXNlcjIzMDcyNTQ4",
				"avatar_url": "https://avatars2.githubusercontent.com/u/23072548?v=4",
				"gravatar_id": "",
				"url": "https://api.github.com/users/steveruizok",
				"html_url": "https://github.com/steveruizok",
				"followers_url": "https://api.github.com/users/steveruizok/followers",
				"following_url": "https://api.github.com/users/steveruizok/following{/other_user}",
				"gists_url": "https://api.github.com/users/steveruizok/gists{/gist_id}",
				"starred_url": "https://api.github.com/users/steveruizok/starred{/owner}{/repo}",
				"subscriptions_url": "https://api.github.com/users/steveruizok/subscriptions",
				"organizations_url": "https://api.github.com/users/steveruizok/orgs",
				"repos_url": "https://api.github.com/users/steveruizok/repos",
				"events_url": "https://api.github.com/users/steveruizok/events{/privacy}",
				"received_events_url": "https://api.github.com/users/steveruizok/received_events",
				"type": "User",
				"site_admin": false
			},
			"truncated": false
		},
		{
			"url": "https://api.github.com/gists/530aef965eb9b6c493dd03b06b714d56",
			"forks_url": "https://api.github.com/gists/530aef965eb9b6c493dd03b06b714d56/forks",
			"commits_url": "https://api.github.com/gists/530aef965eb9b6c493dd03b06b714d56/commits",
			"id": "530aef965eb9b6c493dd03b06b714d56",
			"node_id": "MDQ6R2lzdDUzMGFlZjk2NWViOWI2YzQ5M2RkMDNiMDZiNzE0ZDU2",
			"git_pull_url": "https://gist.github.com/530aef965eb9b6c493dd03b06b714d56.git",
			"git_push_url": "https://gist.github.com/530aef965eb9b6c493dd03b06b714d56.git",
			"html_url": "https://gist.github.com/530aef965eb9b6c493dd03b06b714d56",
			"files": {
				"ValuePropExample.tsx": {
					"filename": "ValuePropExample.tsx",
					"type": "text/plain",
					"language": "TSX",
					"raw_url": "https://gist.githubusercontent.com/steveruizok/530aef965eb9b6c493dd03b06b714d56/raw/22d67c49d1b5bb4975add333d14082d7df170103/ValuePropExample.tsx",
					"size": 870
				}
			},
			"public": true,
			"created_at": "2019-06-21T11:11:12Z",
			"updated_at": "2019-06-21T11:11:12Z",
			"description": "Example Framer X code component with that can be \"controlled\" through a value prop.",
			"comments": 0,
			"user": null,
			"comments_url": "https://api.github.com/gists/530aef965eb9b6c493dd03b06b714d56/comments",
			"owner": {
				"login": "steveruizok",
				"id": 23072548,
				"node_id": "MDQ6VXNlcjIzMDcyNTQ4",
				"avatar_url": "https://avatars2.githubusercontent.com/u/23072548?v=4",
				"gravatar_id": "",
				"url": "https://api.github.com/users/steveruizok",
				"html_url": "https://github.com/steveruizok",
				"followers_url": "https://api.github.com/users/steveruizok/followers",
				"following_url": "https://api.github.com/users/steveruizok/following{/other_user}",
				"gists_url": "https://api.github.com/users/steveruizok/gists{/gist_id}",
				"starred_url": "https://api.github.com/users/steveruizok/starred{/owner}{/repo}",
				"subscriptions_url": "https://api.github.com/users/steveruizok/subscriptions",
				"organizations_url": "https://api.github.com/users/steveruizok/orgs",
				"repos_url": "https://api.github.com/users/steveruizok/repos",
				"events_url": "https://api.github.com/users/steveruizok/events{/privacy}",
				"received_events_url": "https://api.github.com/users/steveruizok/received_events",
				"type": "User",
				"site_admin": false
			},
			"truncated": false
		},
	]
}
