{
	"data": [
		{
			"url": "https://api.github.com/gists/21d7c373417d0e812d4ba5fa7cea8891",
			"forks_url": "https://api.github.com/gists/21d7c373417d0e812d4ba5fa7cea8891/forks",
			"commits_url": "https://api.github.com/gists/21d7c373417d0e812d4ba5fa7cea8891/commits",
			"id": "21d7c373417d0e812d4ba5fa7cea8891",
			"node_id": "MDQ6R2lzdDIxZDdjMzczNDE3ZDBlODEyZDRiYTVmYTdjZWE4ODkx",
			"git_pull_url": "https://gist.github.com/21d7c373417d0e812d4ba5fa7cea8891.git",
			"git_push_url": "https://gist.github.com/21d7c373417d0e812d4ba5fa7cea8891.git",
			"html_url": "https://gist.github.com/21d7c373417d0e812d4ba5fa7cea8891",
			"files": {
				"Switch.tsx": {
					"filename": "Switch.tsx",
					"type": "text/plain",
					"language": "TSX",
					"raw_url": "https://gist.githubusercontent.com/steveruizok/21d7c373417d0e812d4ba5fa7cea8891/raw/1cb3a920377ec0adb22d93ed15fb14e145201e5b/Switch.tsx",
					"size": 142
				}
			},
			"public": true,
			"created_at": "2019-06-22T19:45:04Z",
			"updated_at": "2019-06-22T19:47:14Z",
			"description": "Switch Tutorial, Part 2 (6)",
			"comments": 0,
			"user": null,
			"comments_url": "https://api.github.com/gists/21d7c373417d0e812d4ba5fa7cea8891/comments",
			"owner": {
				"login": "steveruizok",
				"id": 23072548,
				"node_id": "MDQ6VXNlcjIzMDcyNTQ4",
				"avatar_url": "https://avatars2.githubusercontent.com/u/23072548?v=4",
				"gravatar_id": "",
				"url": "https://api.github.com/users/steveruizok",
				"html_url": "https://github.com/steveruizok",
				"followers_url": "https://api.github.com/users/steveruizok/followers",
				"following_url": "https://api.github.com/users/steveruizok/following{/other_user}",
				"gists_url": "https://api.github.com/users/steveruizok/gists{/gist_id}",
				"starred_url": "https://api.github.com/users/steveruizok/starred{/owner}{/repo}",
				"subscriptions_url": "https://api.github.com/users/steveruizok/subscriptions",
				"organizations_url": "https://api.github.com/users/steveruizok/orgs",
				"repos_url": "https://api.github.com/users/steveruizok/repos",
				"events_url": "https://api.github.com/users/steveruizok/events{/privacy}",
				"received_events_url": "https://api.github.com/users/steveruizok/received_events",
				"type": "User",
				"site_admin": false
			},
			"truncated": false
		},
		{
			"url": "https://api.github.com/gists/9977e14490a7b428554290869e2afa73",
			"forks_url": "https://api.github.com/gists/9977e14490a7b428554290869e2afa73/forks",
			"commits_url": "https://api.github.com/gists/9977e14490a7b428554290869e2afa73/commits",
			"id": "9977e14490a7b428554290869e2afa73",
			"node_id": "MDQ6R2lzdDk5NzdlMTQ0OTBhN2I0Mjg1NTQyOTA4NjllMmFmYTcz",
			"git_pull_url": "https://gist.github.com/9977e14490a7b428554290869e2afa73.git",
			"git_push_url": "https://gist.github.com/9977e14490a7b428554290869e2afa73.git",
			"html_url": "https://gist.github.com/9977e14490a7b428554290869e2afa73",
			"files": {
				"Switch.tsx": {
					"filename": "Switch.tsx",
					"type": "text/plain",
					"language": "TSX",
					"raw_url": "https://gist.githubusercontent.com/steveruizok/9977e14490a7b428554290869e2afa73/raw/61e3eb312e295200aa97c236eed1b6d9b5e833ef/Switch.tsx",
					"size": 39
				}
			},
			"public": true,
			"created_at": "2019-06-22T19:44:45Z",
			"updated_at": "2019-06-22T19:44:45Z",
			"description": "Switch Tutorial, Part 2 (5)",
			"comments": 0,
			"user": null,
			"comments_url": "https://api.github.com/gists/9977e14490a7b428554290869e2afa73/comments",
			"owner": {
				"login": "steveruizok",
				"id": 23072548,
				"node_id": "MDQ6VXNlcjIzMDcyNTQ4",
				"avatar_url": "https://avatars2.githubusercontent.com/u/23072548?v=4",
				"gravatar_id": "",
				"url": "https://api.github.com/users/steveruizok",
				"html_url": "https://github.com/steveruizok",
				"followers_url": "https://api.github.com/users/steveruizok/followers",
				"following_url": "https://api.github.com/users/steveruizok/following{/other_user}",
				"gists_url": "https://api.github.com/users/steveruizok/gists{/gist_id}",
				"starred_url": "https://api.github.com/users/steveruizok/starred{/owner}{/repo}",
				"subscriptions_url": "https://api.github.com/users/steveruizok/subscriptions",
				"organizations_url": "https://api.github.com/users/steveruizok/orgs",
				"repos_url": "https://api.github.com/users/steveruizok/repos",
				"events_url": "https://api.github.com/users/steveruizok/events{/privacy}",
				"received_events_url": "https://api.github.com/users/steveruizok/received_events",
				"type": "User",
				"site_admin": false
			},
			"truncated": false
		},
		{
			"url": "https://api.github.com/gists/79260ab018d78203307a343f83dfdb31",
			"forks_url": "https://api.github.com/gists/79260ab018d78203307a343f83dfdb31/forks",
			"commits_url": "https://api.github.com/gists/79260ab018d78203307a343f83dfdb31/commits",
			"id": "79260ab018d78203307a343f83dfdb31",
			"node_id": "MDQ6R2lzdDc5MjYwYWIwMThkNzgyMDMzMDdhMzQzZjgzZGZkYjMx",
			"git_pull_url": "https://gist.github.com/79260ab018d78203307a343f83dfdb31.git",
			"git_push_url": "https://gist.github.com/79260ab018d78203307a343f83dfdb31.git",
			"html_url": "https://gist.github.com/79260ab018d78203307a343f83dfdb31",
			"files": {
				"Switch.tsx": {
					"filename": "Switch.tsx",
					"type": "text/plain",
					"language": "TSX",
					"raw_url": "https://gist.githubusercontent.com/steveruizok/79260ab018d78203307a343f83dfdb31/raw/9464a41dd77d73bb0e8ae13db1936e4f8cd8a705/Switch.tsx",
					"size": 98
				}
			},
			"public": true,
			"created_at": "2019-06-22T19:44:22Z",
			"updated_at": "2019-06-22T19:44:22Z",
			"description": "Switch Tutorial, Part 2 (4)",
			"comments": 0,
			"user": null,
			"comments_url": "https://api.github.com/gists/79260ab018d78203307a343f83dfdb31/comments",
			"owner": {
				"login": "steveruizok",
				"id": 23072548,
				"node_id": "MDQ6VXNlcjIzMDcyNTQ4",
				"avatar_url": "https://avatars2.githubusercontent.com/u/23072548?v=4",
				"gravatar_id": "",
				"url": "https://api.github.com/users/steveruizok",
				"html_url": "https://github.com/steveruizok",
				"followers_url": "https://api.github.com/users/steveruizok/followers",
				"following_url": "https://api.github.com/users/steveruizok/following{/other_user}",
				"gists_url": "https://api.github.com/users/steveruizok/gists{/gist_id}",
				"starred_url": "https://api.github.com/users/steveruizok/starred{/owner}{/repo}",
				"subscriptions_url": "https://api.github.com/users/steveruizok/subscriptions",
				"organizations_url": "https://api.github.com/users/steveruizok/orgs",
				"repos_url": "https://api.github.com/users/steveruizok/repos",
				"events_url": "https://api.github.com/users/steveruizok/events{/privacy}",
				"received_events_url": "https://api.github.com/users/steveruizok/received_events",
				"type": "User",
				"site_admin": false
			},
			"truncated": false
		},
		{
			"url": "https://api.github.com/gists/26dacfdf580628f03c9e28700d57ec41",
			"forks_url": "https://api.github.com/gists/26dacfdf580628f03c9e28700d57ec41/forks",
			"commits_url": "https://api.github.com/gists/26dacfdf580628f03c9e28700d57ec41/commits",
			"id": "26dacfdf580628f03c9e28700d57ec41",
			"node_id": "MDQ6R2lzdDI2ZGFjZmRmNTgwNjI4ZjAzYzllMjg3MDBkNTdlYzQx",
			"git_pull_url": "https://gist.github.com/26dacfdf580628f03c9e28700d57ec41.git",
			"git_push_url": "https://gist.github.com/26dacfdf580628f03c9e28700d57ec41.git",
			"html_url": "https://gist.github.com/26dacfdf580628f03c9e28700d57ec41",
			"files": {
				"Switch.tsx": {
					"filename": "Switch.tsx",
					"type": "text/plain",
					"language": "TSX",
					"raw_url": "https://gist.githubusercontent.com/steveruizok/26dacfdf580628f03c9e28700d57ec41/raw/156f494b5e7d1e3758ae6e376bd3a46b5558bf78/Switch.tsx",
					"size": 321
				}
			},
			"public": true,
			"created_at": "2019-06-22T19:43:37Z",
			"updated_at": "2019-06-22T19:43:37Z",
			"description": "Switch Tutorial, Part 2 (3)",
			"comments": 0,
			"user": null,
			"comments_url": "https://api.github.com/gists/26dacfdf580628f03c9e28700d57ec41/comments",
			"owner": {
				"login": "steveruizok",
				"id": 23072548,
				"node_id": "MDQ6VXNlcjIzMDcyNTQ4",
				"avatar_url": "https://avatars2.githubusercontent.com/u/23072548?v=4",
				"gravatar_id": "",
				"url": "https://api.github.com/users/steveruizok",
				"html_url": "https://github.com/steveruizok",
				"followers_url": "https://api.github.com/users/steveruizok/followers",
				"following_url": "https://api.github.com/users/steveruizok/following{/other_user}",
				"gists_url": "https://api.github.com/users/steveruizok/gists{/gist_id}",
				"starred_url": "https://api.github.com/users/steveruizok/starred{/owner}{/repo}",
				"subscriptions_url": "https://api.github.com/users/steveruizok/subscriptions",
				"organizations_url": "https://api.github.com/users/steveruizok/orgs",
				"repos_url": "https://api.github.com/users/steveruizok/repos",
				"events_url": "https://api.github.com/users/steveruizok/events{/privacy}",
				"received_events_url": "https://api.github.com/users/steveruizok/received_events",
				"type": "User",
				"site_admin": false
			},
			"truncated": false
		},
		{
			"url": "https://api.github.com/gists/ab08be86f4dee7ff26f22631234fb1a2",
			"forks_url": "https://api.github.com/gists/ab08be86f4dee7ff26f22631234fb1a2/forks",
			"commits_url": "https://api.github.com/gists/ab08be86f4dee7ff26f22631234fb1a2/commits",
			"id": "ab08be86f4dee7ff26f22631234fb1a2",
			"node_id": "MDQ6R2lzdGFiMDhiZTg2ZjRkZWU3ZmYyNmYyMjYzMTIzNGZiMWEy",
			"git_pull_url": "https://gist.github.com/ab08be86f4dee7ff26f22631234fb1a2.git",
			"git_push_url": "https://gist.github.com/ab08be86f4dee7ff26f22631234fb1a2.git",
			"html_url": "https://gist.github.com/ab08be86f4dee7ff26f22631234fb1a2",
			"files": {
				"Switch.tsx": {
					"filename": "Switch.tsx",
					"type": "text/plain",
					"language": "TSX",
					"raw_url": "https://gist.githubusercontent.com/steveruizok/ab08be86f4dee7ff26f22631234fb1a2/raw/179e2ad469751ac7f83d8a955238c301beab7c71/Switch.tsx",
					"size": 67
				}
			},
			"public": true,
			"created_at": "2019-06-22T19:42:33Z",
			"updated_at": "2019-06-22T19:43:48Z",
			"description": "Switch Tutorial, Part 2 (2)",
			"comments": 0,
			"user": null,
			"comments_url": "https://api.github.com/gists/ab08be86f4dee7ff26f22631234fb1a2/comments",
			"owner": {
				"login": "steveruizok",
				"id": 23072548,
				"node_id": "MDQ6VXNlcjIzMDcyNTQ4",
				"avatar_url": "https://avatars2.githubusercontent.com/u/23072548?v=4",
				"gravatar_id": "",
				"url": "https://api.github.com/users/steveruizok",
				"html_url": "https://github.com/steveruizok",
				"followers_url": "https://api.github.com/users/steveruizok/followers",
				"following_url": "https://api.github.com/users/steveruizok/following{/other_user}",
				"gists_url": "https://api.github.com/users/steveruizok/gists{/gist_id}",
				"starred_url": "https://api.github.com/users/steveruizok/starred{/owner}{/repo}",
				"subscriptions_url": "https://api.github.com/users/steveruizok/subscriptions",
				"organizations_url": "https://api.github.com/users/steveruizok/orgs",
				"repos_url": "https://api.github.com/users/steveruizok/repos",
				"events_url": "https://api.github.com/users/steveruizok/events{/privacy}",
				"received_events_url": "https://api.github.com/users/steveruizok/received_events",
				"type": "User",
				"site_admin": false
			},
			"truncated": false
		},
		{
			"url": "https://api.github.com/gists/d93ab2b3c36b763b641970d6500f44ca",
			"forks_url": "https://api.github.com/gists/d93ab2b3c36b763b641970d6500f44ca/forks",
			"commits_url": "https://api.github.com/gists/d93ab2b3c36b763b641970d6500f44ca/commits",
			"id": "d93ab2b3c36b763b641970d6500f44ca",
			"node_id": "MDQ6R2lzdGQ5M2FiMmIzYzM2Yjc2M2I2NDE5NzBkNjUwMGY0NGNh",
			"git_pull_url": "https://gist.github.com/d93ab2b3c36b763b641970d6500f44ca.git",
			"git_push_url": "https://gist.github.com/d93ab2b3c36b763b641970d6500f44ca.git",
			"html_url": "https://gist.github.com/d93ab2b3c36b763b641970d6500f44ca",
			"files": {
				"Switch.tsx": {
					"filename": "Switch.tsx",
					"type": "text/plain",
					"language": "TSX",
					"raw_url": "https://gist.githubusercontent.com/steveruizok/d93ab2b3c36b763b641970d6500f44ca/raw/7b85c2bbb08ba1aeaba4edafa9ef66b2f317baf0/Switch.tsx",
					"size": 147
				}
			},
			"public": true,
			"created_at": "2019-06-22T19:41:11Z",
			"updated_at": "2019-06-22T19:44:01Z",
			"description": "Switch Tutorial, Part 2 (1)",
			"comments": 0,
			"user": null,
			"comments_url": "https://api.github.com/gists/d93ab2b3c36b763b641970d6500f44ca/comments",
			"owner": {
				"login": "steveruizok",
				"id": 23072548,
				"node_id": "MDQ6VXNlcjIzMDcyNTQ4",
				"avatar_url": "https://avatars2.githubusercontent.com/u/23072548?v=4",
				"gravatar_id": "",
				"url": "https://api.github.com/users/steveruizok",
				"html_url": "https://github.com/steveruizok",
				"followers_url": "https://api.github.com/users/steveruizok/followers",
				"following_url": "https://api.github.com/users/steveruizok/following{/other_user}",
				"gists_url": "https://api.github.com/users/steveruizok/gists{/gist_id}",
				"starred_url": "https://api.github.com/users/steveruizok/starred{/owner}{/repo}",
				"subscriptions_url": "https://api.github.com/users/steveruizok/subscriptions",
				"organizations_url": "https://api.github.com/users/steveruizok/orgs",
				"repos_url": "https://api.github.com/users/steveruizok/repos",
				"events_url": "https://api.github.com/users/steveruizok/events{/privacy}",
				"received_events_url": "https://api.github.com/users/steveruizok/received_events",
				"type": "User",
				"site_admin": false
			},
			"truncated": false
		},
		{
			"url": "https://api.github.com/gists/f285c4c2f103cbc36c7d6546f036b3cb",
			"forks_url": "https://api.github.com/gists/f285c4c2f103cbc36c7d6546f036b3cb/forks",
			"commits_url": "https://api.github.com/gists/f285c4c2f103cbc36c7d6546f036b3cb/commits",
			"id": "f285c4c2f103cbc36c7d6546f036b3cb",
			"node_id": "MDQ6R2lzdGYyODVjNGMyZjEwM2NiYzM2YzdkNjU0NmYwMzZiM2Ni",
			"git_pull_url": "https://gist.github.com/f285c4c2f103cbc36c7d6546f036b3cb.git",
			"git_push_url": "https://gist.github.com/f285c4c2f103cbc36c7d6546f036b3cb.git",
			"html_url": "https://gist.github.com/f285c4c2f103cbc36c7d6546f036b3cb",
			"files": {
				"UserCard.tsx": {
					"filename": "UserCard.tsx",
					"type": "text/plain",
					"language": "TSX",
					"raw_url": "https://gist.githubusercontent.com/steveruizok/f285c4c2f103cbc36c7d6546f036b3cb/raw/92571d20e3729d6983b81ca5964e9ff62fbfacdc/UserCard.tsx",
					"size": 362
				}
			},
			"public": true,
			"created_at": "2019-06-21T11:17:52Z",
			"updated_at": "2019-06-21T11:17:53Z",
			"description": "An example Framer X code component showing how to type and de-structure props, so that the component's container can still accept its regular props.",
			"comments": 0,
			"user": null,
			"comments_url": "https://api.github.com/gists/f285c4c2f103cbc36c7d6546f036b3cb/comments",
			"owner": {
				"login": "steveruizok",
				"id": 23072548,
				"node_id": "MDQ6VXNlcjIzMDcyNTQ4",
				"avatar_url": "https://avatars2.githubusercontent.com/u/23072548?v=4",
				"gravatar_id": "",
				"url": "https://api.github.com/users/steveruizok",
				"html_url": "https://github.com/steveruizok",
				"followers_url": "https://api.github.com/users/steveruizok/followers",
				"following_url": "https://api.github.com/users/steveruizok/following{/other_user}",
				"gists_url": "https://api.github.com/users/steveruizok/gists{/gist_id}",
				"starred_url": "https://api.github.com/users/steveruizok/starred{/owner}{/repo}",
				"subscriptions_url": "https://api.github.com/users/steveruizok/subscriptions",
				"organizations_url": "https://api.github.com/users/steveruizok/orgs",
				"repos_url": "https://api.github.com/users/steveruizok/repos",
				"events_url": "https://api.github.com/users/steveruizok/events{/privacy}",
				"received_events_url": "https://api.github.com/users/steveruizok/received_events",
				"type": "User",
				"site_admin": false
			},
			"truncated": false
		},
		{
			"url": "https://api.github.com/gists/3b10b31e1d059d2981bb0436dd6d7c09",
			"forks_url": "https://api.github.com/gists/3b10b31e1d059d2981bb0436dd6d7c09/forks",
			"commits_url": "https://api.github.com/gists/3b10b31e1d059d2981bb0436dd6d7c09/commits",
			"id": "3b10b31e1d059d2981bb0436dd6d7c09",
			"node_id": "MDQ6R2lzdDNiMTBiMzFlMWQwNTlkMjk4MWJiMDQzNmRkNmQ3YzA5",
			"git_pull_url": "https://gist.github.com/3b10b31e1d059d2981bb0436dd6d7c09.git",
			"git_push_url": "https://gist.github.com/3b10b31e1d059d2981bb0436dd6d7c09.git",
			"html_url": "https://gist.github.com/3b10b31e1d059d2981bb0436dd6d7c09",
			"files": {
				"Example.tsx": {
					"filename": "Example.tsx",
					"type": "text/plain",
					"language": "TSX",
					"raw_url": "https://gist.githubusercontent.com/steveruizok/3b10b31e1d059d2981bb0436dd6d7c09/raw/536854fb9523e4a4dc972aefbe2bc29b61e52186/Example.tsx",
					"size": 1471
				}
			},
			"public": true,
			"created_at": "2019-06-21T11:15:38Z",
			"updated_at": "2019-06-21T11:16:48Z",
			"description": "An example Framer X code component.",
			"comments": 0,
			"user": null,
			"comments_url": "https://api.github.com/gists/3b10b31e1d059d2981bb0436dd6d7c09/comments",
			"owner": {
				"login": "steveruizok",
				"id": 23072548,
				"node_id": "MDQ6VXNlcjIzMDcyNTQ4",
				"avatar_url": "https://avatars2.githubusercontent.com/u/23072548?v=4",
				"gravatar_id": "",
				"url": "https://api.github.com/users/steveruizok",
				"html_url": "https://github.com/steveruizok",
				"followers_url": "https://api.github.com/users/steveruizok/followers",
				"following_url": "https://api.github.com/users/steveruizok/following{/other_user}",
				"gists_url": "https://api.github.com/users/steveruizok/gists{/gist_id}",
				"starred_url": "https://api.github.com/users/steveruizok/starred{/owner}{/repo}",
				"subscriptions_url": "https://api.github.com/users/steveruizok/subscriptions",
				"organizations_url": "https://api.github.com/users/steveruizok/orgs",
				"repos_url": "https://api.github.com/users/steveruizok/repos",
				"events_url": "https://api.github.com/users/steveruizok/events{/privacy}",
				"received_events_url": "https://api.github.com/users/steveruizok/received_events",
				"type": "User",
				"site_admin": false
			},
			"truncated": false
		},
		{
			"url": "https://api.github.com/gists/c57908ab22bb36a11246b7e538fef469",
			"forks_url": "https://api.github.com/gists/c57908ab22bb36a11246b7e538fef469/forks",
			"commits_url": "https://api.github.com/gists/c57908ab22bb36a11246b7e538fef469/commits",
			"id": "c57908ab22bb36a11246b7e538fef469",
			"node_id": "MDQ6R2lzdGM1NzkwOGFiMjJiYjM2YTExMjQ2YjdlNTM4ZmVmNDY5",
			"git_pull_url": "https://gist.github.com/c57908ab22bb36a11246b7e538fef469.git",
			"git_push_url": "https://gist.github.com/c57908ab22bb36a11246b7e538fef469.git",
			"html_url": "https://gist.github.com/c57908ab22bb36a11246b7e538fef469",
			"files": {
				"Counter.tsx": {
					"filename": "Counter.tsx",
					"type": "text/plain",
					"language": "TSX",
					"raw_url": "https://gist.githubusercontent.com/steveruizok/c57908ab22bb36a11246b7e538fef469/raw/006140433ef4835621a4815ca2034d203ec463e3/Counter.tsx",
					"size": 337
				}
			},
			"public": true,
			"created_at": "2019-06-21T11:14:54Z",
			"updated_at": "2019-06-21T11:14:54Z",
			"description": "A Framer X code component that returns a \"decorated\" code component.",
			"comments": 0,
			"user": null,
			"comments_url": "https://api.github.com/gists/c57908ab22bb36a11246b7e538fef469/comments",
			"owner": {
				"login": "steveruizok",
				"id": 23072548,
				"node_id": "MDQ6VXNlcjIzMDcyNTQ4",
				"avatar_url": "https://avatars2.githubusercontent.com/u/23072548?v=4",
				"gravatar_id": "",
				"url": "https://api.github.com/users/steveruizok",
				"html_url": "https://github.com/steveruizok",
				"followers_url": "https://api.github.com/users/steveruizok/followers",
				"following_url": "https://api.github.com/users/steveruizok/following{/other_user}",
				"gists_url": "https://api.github.com/users/steveruizok/gists{/gist_id}",
				"starred_url": "https://api.github.com/users/steveruizok/starred{/owner}{/repo}",
				"subscriptions_url": "https://api.github.com/users/steveruizok/subscriptions",
				"organizations_url": "https://api.github.com/users/steveruizok/orgs",
				"repos_url": "https://api.github.com/users/steveruizok/repos",
				"events_url": "https://api.github.com/users/steveruizok/events{/privacy}",
				"received_events_url": "https://api.github.com/users/steveruizok/received_events",
				"type": "User",
				"site_admin": false
			},
			"truncated": false
		},
		{
			"url": "https://api.github.com/gists/f0f1237c0cb04d1001bbdc0a3e1eb326",
			"forks_url": "https://api.github.com/gists/f0f1237c0cb04d1001bbdc0a3e1eb326/forks",
			"commits_url": "https://api.github.com/gists/f0f1237c0cb04d1001bbdc0a3e1eb326/commits",
			"id": "f0f1237c0cb04d1001bbdc0a3e1eb326",
			"node_id": "MDQ6R2lzdGYwZjEyMzdjMGNiMDRkMTAwMWJiZGMwYTNlMWViMzI2",
			"git_pull_url": "https://gist.github.com/f0f1237c0cb04d1001bbdc0a3e1eb326.git",
			"git_push_url": "https://gist.github.com/f0f1237c0cb04d1001bbdc0a3e1eb326.git",
			"html_url": "https://gist.github.com/f0f1237c0cb04d1001bbdc0a3e1eb326",
			"files": {
				"EventPropExample.tsx": {
					"filename": "EventPropExample.tsx",
					"type": "text/plain",
					"language": "TSX",
					"raw_url": "https://gist.githubusercontent.com/steveruizok/f0f1237c0cb04d1001bbdc0a3e1eb326/raw/e7c2c94047f2622a9d4cc280085aa44c7fe705f8/EventPropExample.tsx",
					"size": 732
				}
			},
			"public": true,
			"created_at": "2019-06-21T11:12:45Z",
			"updated_at": "2019-06-21T11:12:46Z",
			"description": "Example Framer X code component that \"shares\" changes to its state through an event prop.",
			"comments": 0,
			"user": null,
			"comments_url": "https://api.github.com/gists/f0f1237c0cb04d1001bbdc0a3e1eb326/comments",
			"owner": {
				"login": "steveruizok",
				"id": 23072548,
				"node_id": "MDQ6VXNlcjIzMDcyNTQ4",
				"avatar_url": "https://avatars2.githubusercontent.com/u/23072548?v=4",
				"gravatar_id": "",
				"url": "https://api.github.com/users/steveruizok",
				"html_url": "https://github.com/steveruizok",
				"followers_url": "https://api.github.com/users/steveruizok/followers",
				"following_url": "https://api.github.com/users/steveruizok/following{/other_user}",
				"gists_url": "https://api.github.com/users/steveruizok/gists{/gist_id}",
				"starred_url": "https://api.github.com/users/steveruizok/starred{/owner}{/repo}",
				"subscriptions_url": "https://api.github.com/users/steveruizok/subscriptions",
				"organizations_url": "https://api.github.com/users/steveruizok/orgs",
				"repos_url": "https://api.github.com/users/steveruizok/repos",
				"events_url": "https://api.github.com/users/steveruizok/events{/privacy}",
				"received_events_url": "https://api.github.com/users/steveruizok/received_events",
				"type": "User",
				"site_admin": false
			},
			"truncated": false
		},
		{
			"url": "https://api.github.com/gists/530aef965eb9b6c493dd03b06b714d56",
			"forks_url": "https://api.github.com/gists/530aef965eb9b6c493dd03b06b714d56/forks",
			"commits_url": "https://api.github.com/gists/530aef965eb9b6c493dd03b06b714d56/commits",
			"id": "530aef965eb9b6c493dd03b06b714d56",
			"node_id": "MDQ6R2lzdDUzMGFlZjk2NWViOWI2YzQ5M2RkMDNiMDZiNzE0ZDU2",
			"git_pull_url": "https://gist.github.com/530aef965eb9b6c493dd03b06b714d56.git",
			"git_push_url": "https://gist.github.com/530aef965eb9b6c493dd03b06b714d56.git",
			"html_url": "https://gist.github.com/530aef965eb9b6c493dd03b06b714d56",
			"files": {
				"ValuePropExample.tsx": {
					"filename": "ValuePropExample.tsx",
					"type": "text/plain",
					"language": "TSX",
					"raw_url": "https://gist.githubusercontent.com/steveruizok/530aef965eb9b6c493dd03b06b714d56/raw/22d67c49d1b5bb4975add333d14082d7df170103/ValuePropExample.tsx",
					"size": 870
				}
			},
			"public": true,
			"created_at": "2019-06-21T11:11:12Z",
			"updated_at": "2019-06-21T11:11:12Z",
			"description": "Example Framer X code component with that can be \"controlled\" through a value prop.",
			"comments": 0,
			"user": null,
			"comments_url": "https://api.github.com/gists/530aef965eb9b6c493dd03b06b714d56/comments",
			"owner": {
				"login": "steveruizok",
				"id": 23072548,
				"node_id": "MDQ6VXNlcjIzMDcyNTQ4",
				"avatar_url": "https://avatars2.githubusercontent.com/u/23072548?v=4",
				"gravatar_id": "",
				"url": "https://api.github.com/users/steveruizok",
				"html_url": "https://github.com/steveruizok",
				"followers_url": "https://api.github.com/users/steveruizok/followers",
				"following_url": "https://api.github.com/users/steveruizok/following{/other_user}",
				"gists_url": "https://api.github.com/users/steveruizok/gists{/gist_id}",
				"starred_url": "https://api.github.com/users/steveruizok/starred{/owner}{/repo}",
				"subscriptions_url": "https://api.github.com/users/steveruizok/subscriptions",
				"organizations_url": "https://api.github.com/users/steveruizok/orgs",
				"repos_url": "https://api.github.com/users/steveruizok/repos",
				"events_url": "https://api.github.com/users/steveruizok/events{/privacy}",
				"received_events_url": "https://api.github.com/users/steveruizok/received_events",
				"type": "User",
				"site_admin": false
			},
			"truncated": false
		},
		{
			"url": "https://api.github.com/gists/d6d08f80321fe14dc8c62590e3320c46",
			"forks_url": "https://api.github.com/gists/d6d08f80321fe14dc8c62590e3320c46/forks",
			"commits_url": "https://api.github.com/gists/d6d08f80321fe14dc8c62590e3320c46/commits",
			"id": "d6d08f80321fe14dc8c62590e3320c46",
			"node_id": "MDQ6R2lzdGQ2ZDA4ZjgwMzIxZmUxNGRjOGM2MjU5MGUzMzIwYzQ2",
			"git_pull_url": "https://gist.github.com/d6d08f80321fe14dc8c62590e3320c46.git",
			"git_push_url": "https://gist.github.com/d6d08f80321fe14dc8c62590e3320c46.git",
			"html_url": "https://gist.github.com/d6d08f80321fe14dc8c62590e3320c46",
			"files": {
				"dither.tsx": {
					"filename": "dither.tsx",
					"type": "text/plain",
					"language": "TSX",
					"raw_url": "https://gist.githubusercontent.com/steveruizok/d6d08f80321fe14dc8c62590e3320c46/raw/629de907b62e4fdd1ef5efde7abdfd3330708a13/dither.tsx",
					"size": 8257
				}
			},
			"public": true,
			"created_at": "2019-06-19T12:38:14Z",
			"updated_at": "2019-06-19T12:38:14Z",
			"description": "Dither",
			"comments": 0,
			"user": null,
			"comments_url": "https://api.github.com/gists/d6d08f80321fe14dc8c62590e3320c46/comments",
			"owner": {
				"login": "steveruizok",
				"id": 23072548,
				"node_id": "MDQ6VXNlcjIzMDcyNTQ4",
				"avatar_url": "https://avatars2.githubusercontent.com/u/23072548?v=4",
				"gravatar_id": "",
				"url": "https://api.github.com/users/steveruizok",
				"html_url": "https://github.com/steveruizok",
				"followers_url": "https://api.github.com/users/steveruizok/followers",
				"following_url": "https://api.github.com/users/steveruizok/following{/other_user}",
				"gists_url": "https://api.github.com/users/steveruizok/gists{/gist_id}",
				"starred_url": "https://api.github.com/users/steveruizok/starred{/owner}{/repo}",
				"subscriptions_url": "https://api.github.com/users/steveruizok/subscriptions",
				"organizations_url": "https://api.github.com/users/steveruizok/orgs",
				"repos_url": "https://api.github.com/users/steveruizok/repos",
				"events_url": "https://api.github.com/users/steveruizok/events{/privacy}",
				"received_events_url": "https://api.github.com/users/steveruizok/received_events",
				"type": "User",
				"site_admin": false
			},
			"truncated": false
		},
		{
			"url": "https://api.github.com/gists/b9ff0a24a735f37c16794bc27da36164",
			"forks_url": "https://api.github.com/gists/b9ff0a24a735f37c16794bc27da36164/forks",
			"commits_url": "https://api.github.com/gists/b9ff0a24a735f37c16794bc27da36164/commits",
			"id": "b9ff0a24a735f37c16794bc27da36164",
			"node_id": "MDQ6R2lzdGI5ZmYwYTI0YTczNWYzN2MxNjc5NGJjMjdkYTM2MTY0",
			"git_pull_url": "https://gist.github.com/b9ff0a24a735f37c16794bc27da36164.git",
			"git_push_url": "https://gist.github.com/b9ff0a24a735f37c16794bc27da36164.git",
			"html_url": "https://gist.github.com/b9ff0a24a735f37c16794bc27da36164",
			"files": {
				"Resizer.tsx": {
					"filename": "Resizer.tsx",
					"type": "text/plain",
					"language": "TSX",
					"raw_url": "https://gist.githubusercontent.com/steveruizok/b9ff0a24a735f37c16794bc27da36164/raw/dba6b4ee84dc654e35146e4f0bf38f561407bde8/Resizer.tsx",
					"size": 2638
				}
			},
			"public": true,
			"created_at": "2019-06-19T08:38:56Z",
			"updated_at": "2019-06-19T08:38:56Z",
			"description": "A Framer X Code Component that will resize to fit its text content.",
			"comments": 0,
			"user": null,
			"comments_url": "https://api.github.com/gists/b9ff0a24a735f37c16794bc27da36164/comments",
			"owner": {
				"login": "steveruizok",
				"id": 23072548,
				"node_id": "MDQ6VXNlcjIzMDcyNTQ4",
				"avatar_url": "https://avatars2.githubusercontent.com/u/23072548?v=4",
				"gravatar_id": "",
				"url": "https://api.github.com/users/steveruizok",
				"html_url": "https://github.com/steveruizok",
				"followers_url": "https://api.github.com/users/steveruizok/followers",
				"following_url": "https://api.github.com/users/steveruizok/following{/other_user}",
				"gists_url": "https://api.github.com/users/steveruizok/gists{/gist_id}",
				"starred_url": "https://api.github.com/users/steveruizok/starred{/owner}{/repo}",
				"subscriptions_url": "https://api.github.com/users/steveruizok/subscriptions",
				"organizations_url": "https://api.github.com/users/steveruizok/orgs",
				"repos_url": "https://api.github.com/users/steveruizok/repos",
				"events_url": "https://api.github.com/users/steveruizok/events{/privacy}",
				"received_events_url": "https://api.github.com/users/steveruizok/received_events",
				"type": "User",
				"site_admin": false
			},
			"truncated": false
		},
		{
			"url": "https://api.github.com/gists/5a1dadebd6a6b899d1a1b152ec7b5986",
			"forks_url": "https://api.github.com/gists/5a1dadebd6a6b899d1a1b152ec7b5986/forks",
			"commits_url": "https://api.github.com/gists/5a1dadebd6a6b899d1a1b152ec7b5986/commits",
			"id": "5a1dadebd6a6b899d1a1b152ec7b5986",
			"node_id": "MDQ6R2lzdDVhMWRhZGViZDZhNmI4OTlkMWExYjE1MmVjN2I1OTg2",
			"git_pull_url": "https://gist.github.com/5a1dadebd6a6b899d1a1b152ec7b5986.git",
			"git_push_url": "https://gist.github.com/5a1dadebd6a6b899d1a1b152ec7b5986.git",
			"html_url": "https://gist.github.com/5a1dadebd6a6b899d1a1b152ec7b5986",
			"files": {
				"App.tsx": {
					"filename": "App.tsx",
					"type": "text/plain",
					"language": "TSX",
					"raw_url": "https://gist.githubusercontent.com/steveruizok/5a1dadebd6a6b899d1a1b152ec7b5986/raw/57082f269c0c820508d24ac799004de586538f42/App.tsx",
					"size": 597
				}
			},
			"public": true,
			"created_at": "2019-05-11T16:06:12Z",
			"updated_at": "2019-05-11T16:06:12Z",
			"description": "[Switch Tutorial, Part III (overrides)] Our finished overrides.",
			"comments": 0,
			"user": null,
			"comments_url": "https://api.github.com/gists/5a1dadebd6a6b899d1a1b152ec7b5986/comments",
			"owner": {
				"login": "steveruizok",
				"id": 23072548,
				"node_id": "MDQ6VXNlcjIzMDcyNTQ4",
				"avatar_url": "https://avatars2.githubusercontent.com/u/23072548?v=4",
				"gravatar_id": "",
				"url": "https://api.github.com/users/steveruizok",
				"html_url": "https://github.com/steveruizok",
				"followers_url": "https://api.github.com/users/steveruizok/followers",
				"following_url": "https://api.github.com/users/steveruizok/following{/other_user}",
				"gists_url": "https://api.github.com/users/steveruizok/gists{/gist_id}",
				"starred_url": "https://api.github.com/users/steveruizok/starred{/owner}{/repo}",
				"subscriptions_url": "https://api.github.com/users/steveruizok/subscriptions",
				"organizations_url": "https://api.github.com/users/steveruizok/orgs",
				"repos_url": "https://api.github.com/users/steveruizok/repos",
				"events_url": "https://api.github.com/users/steveruizok/events{/privacy}",
				"received_events_url": "https://api.github.com/users/steveruizok/received_events",
				"type": "User",
				"site_admin": false
			},
			"truncated": false
		},
		{
			"url": "https://api.github.com/gists/1da2e18f3f7a0ed5caa2e17365adbe31",
			"forks_url": "https://api.github.com/gists/1da2e18f3f7a0ed5caa2e17365adbe31/forks",
			"commits_url": "https://api.github.com/gists/1da2e18f3f7a0ed5caa2e17365adbe31/commits",
			"id": "1da2e18f3f7a0ed5caa2e17365adbe31",
			"node_id": "MDQ6R2lzdDFkYTJlMThmM2Y3YTBlZDVjYWEyZTE3MzY1YWRiZTMx",
			"git_pull_url": "https://gist.github.com/1da2e18f3f7a0ed5caa2e17365adbe31.git",
			"git_push_url": "https://gist.github.com/1da2e18f3f7a0ed5caa2e17365adbe31.git",
			"html_url": "https://gist.github.com/1da2e18f3f7a0ed5caa2e17365adbe31",
			"files": {
				"Switch.tsx": {
					"filename": "Switch.tsx",
					"type": "text/plain",
					"language": "TSX",
					"raw_url": "https://gist.githubusercontent.com/steveruizok/1da2e18f3f7a0ed5caa2e17365adbe31/raw/d6e2a0fe5f01475c663c8e400030ea54cf239766/Switch.tsx",
					"size": 1679
				}
			},
			"public": true,
			"created_at": "2019-05-09T15:31:26Z",
			"updated_at": "2019-05-11T16:02:43Z",
			"description": "[Switch Tutorial, Part III] Finished component.",
			"comments": 0,
			"user": null,
			"comments_url": "https://api.github.com/gists/1da2e18f3f7a0ed5caa2e17365adbe31/comments",
			"owner": {
				"login": "steveruizok",
				"id": 23072548,
				"node_id": "MDQ6VXNlcjIzMDcyNTQ4",
				"avatar_url": "https://avatars2.githubusercontent.com/u/23072548?v=4",
				"gravatar_id": "",
				"url": "https://api.github.com/users/steveruizok",
				"html_url": "https://github.com/steveruizok",
				"followers_url": "https://api.github.com/users/steveruizok/followers",
				"following_url": "https://api.github.com/users/steveruizok/following{/other_user}",
				"gists_url": "https://api.github.com/users/steveruizok/gists{/gist_id}",
				"starred_url": "https://api.github.com/users/steveruizok/starred{/owner}{/repo}",
				"subscriptions_url": "https://api.github.com/users/steveruizok/subscriptions",
				"organizations_url": "https://api.github.com/users/steveruizok/orgs",
				"repos_url": "https://api.github.com/users/steveruizok/repos",
				"events_url": "https://api.github.com/users/steveruizok/events{/privacy}",
				"received_events_url": "https://api.github.com/users/steveruizok/received_events",
				"type": "User",
				"site_admin": false
			},
			"truncated": false
		},
		{
			"url": "https://api.github.com/gists/cf53859c583b102cabcccb400385b085",
			"forks_url": "https://api.github.com/gists/cf53859c583b102cabcccb400385b085/forks",
			"commits_url": "https://api.github.com/gists/cf53859c583b102cabcccb400385b085/commits",
			"id": "cf53859c583b102cabcccb400385b085",
			"node_id": "MDQ6R2lzdGNmNTM4NTljNTgzYjEwMmNhYmNjY2I0MDAzODViMDg1",
			"git_pull_url": "https://gist.github.com/cf53859c583b102cabcccb400385b085.git",
			"git_push_url": "https://gist.github.com/cf53859c583b102cabcccb400385b085.git",
			"html_url": "https://gist.github.com/cf53859c583b102cabcccb400385b085",
			"files": {
				"Switch.tsx": {
					"filename": "Switch.tsx",
					"type": "text/plain",
					"language": "TSX",
					"raw_url": "https://gist.githubusercontent.com/steveruizok/cf53859c583b102cabcccb400385b085/raw/52755aac6919d2de03962d6b7b280f567ce5f04b/Switch.tsx",
					"size": 1389
				}
			},
			"public": true,
			"created_at": "2019-05-07T11:49:42Z",
			"updated_at": "2019-05-07T16:29:35Z",
			"description": "Finished Component, Part 1",
			"comments": 0,
			"user": null,
			"comments_url": "https://api.github.com/gists/cf53859c583b102cabcccb400385b085/comments",
			"owner": {
				"login": "steveruizok",
				"id": 23072548,
				"node_id": "MDQ6VXNlcjIzMDcyNTQ4",
				"avatar_url": "https://avatars2.githubusercontent.com/u/23072548?v=4",
				"gravatar_id": "",
				"url": "https://api.github.com/users/steveruizok",
				"html_url": "https://github.com/steveruizok",
				"followers_url": "https://api.github.com/users/steveruizok/followers",
				"following_url": "https://api.github.com/users/steveruizok/following{/other_user}",
				"gists_url": "https://api.github.com/users/steveruizok/gists{/gist_id}",
				"starred_url": "https://api.github.com/users/steveruizok/starred{/owner}{/repo}",
				"subscriptions_url": "https://api.github.com/users/steveruizok/subscriptions",
				"organizations_url": "https://api.github.com/users/steveruizok/orgs",
				"repos_url": "https://api.github.com/users/steveruizok/repos",
				"events_url": "https://api.github.com/users/steveruizok/events{/privacy}",
				"received_events_url": "https://api.github.com/users/steveruizok/received_events",
				"type": "User",
				"site_admin": false
			},
			"truncated": false
		},
		{
			"url": "https://api.github.com/gists/94d964bc60ebae68e896e207efabc4ad",
			"forks_url": "https://api.github.com/gists/94d964bc60ebae68e896e207efabc4ad/forks",
			"commits_url": "https://api.github.com/gists/94d964bc60ebae68e896e207efabc4ad/commits",
			"id": "94d964bc60ebae68e896e207efabc4ad",
			"node_id": "MDQ6R2lzdDk0ZDk2NGJjNjBlYmFlNjhlODk2ZTIwN2VmYWJjNGFk",
			"git_pull_url": "https://gist.github.com/94d964bc60ebae68e896e207efabc4ad.git",
			"git_push_url": "https://gist.github.com/94d964bc60ebae68e896e207efabc4ad.git",
			"html_url": "https://gist.github.com/94d964bc60ebae68e896e207efabc4ad",
			"files": {
				"Switch.tsx": {
					"filename": "Switch.tsx",
					"type": "text/plain",
					"language": "TSX",
					"raw_url": "https://gist.githubusercontent.com/steveruizok/94d964bc60ebae68e896e207efabc4ad/raw/f9dc4fc633691fe0fe8bc0568a1a3d0975e47c8b/Switch.tsx",
					"size": 396
				}
			},
			"public": true,
			"created_at": "2019-05-07T09:33:10Z",
			"updated_at": "2019-05-09T16:18:12Z",
			"description": "Adds the state as a string to our component's JSX.",
			"comments": 0,
			"user": null,
			"comments_url": "https://api.github.com/gists/94d964bc60ebae68e896e207efabc4ad/comments",
			"owner": {
				"login": "steveruizok",
				"id": 23072548,
				"node_id": "MDQ6VXNlcjIzMDcyNTQ4",
				"avatar_url": "https://avatars2.githubusercontent.com/u/23072548?v=4",
				"gravatar_id": "",
				"url": "https://api.github.com/users/steveruizok",
				"html_url": "https://github.com/steveruizok",
				"followers_url": "https://api.github.com/users/steveruizok/followers",
				"following_url": "https://api.github.com/users/steveruizok/following{/other_user}",
				"gists_url": "https://api.github.com/users/steveruizok/gists{/gist_id}",
				"starred_url": "https://api.github.com/users/steveruizok/starred{/owner}{/repo}",
				"subscriptions_url": "https://api.github.com/users/steveruizok/subscriptions",
				"organizations_url": "https://api.github.com/users/steveruizok/orgs",
				"repos_url": "https://api.github.com/users/steveruizok/repos",
				"events_url": "https://api.github.com/users/steveruizok/events{/privacy}",
				"received_events_url": "https://api.github.com/users/steveruizok/received_events",
				"type": "User",
				"site_admin": false
			},
			"truncated": false
		},
		{
			"url": "https://api.github.com/gists/1ade1f4fd5c7364de3c696dd721bdb06",
			"forks_url": "https://api.github.com/gists/1ade1f4fd5c7364de3c696dd721bdb06/forks",
			"commits_url": "https://api.github.com/gists/1ade1f4fd5c7364de3c696dd721bdb06/commits",
			"id": "1ade1f4fd5c7364de3c696dd721bdb06",
			"node_id": "MDQ6R2lzdDFhZGUxZjRmZDVjNzM2NGRlM2M2OTZkZDcyMWJkYjA2",
			"git_pull_url": "https://gist.github.com/1ade1f4fd5c7364de3c696dd721bdb06.git",
			"git_push_url": "https://gist.github.com/1ade1f4fd5c7364de3c696dd721bdb06.git",
			"html_url": "https://gist.github.com/1ade1f4fd5c7364de3c696dd721bdb06",
			"files": {
				"Switch.tsx": {
					"filename": "Switch.tsx",
					"type": "text/plain",
					"language": "TSX",
					"raw_url": "https://gist.githubusercontent.com/steveruizok/1ade1f4fd5c7364de3c696dd721bdb06/raw/7be1fea076568f1663dd6f6d736c10800d5c52ce/Switch.tsx",
					"size": 344
				}
			},
			"public": true,
			"created_at": "2019-05-07T09:12:07Z",
			"updated_at": "2019-05-09T16:18:18Z",
			"description": "Adds the tap handler to our Frame.",
			"comments": 0,
			"user": null,
			"comments_url": "https://api.github.com/gists/1ade1f4fd5c7364de3c696dd721bdb06/comments",
			"owner": {
				"login": "steveruizok",
				"id": 23072548,
				"node_id": "MDQ6VXNlcjIzMDcyNTQ4",
				"avatar_url": "https://avatars2.githubusercontent.com/u/23072548?v=4",
				"gravatar_id": "",
				"url": "https://api.github.com/users/steveruizok",
				"html_url": "https://github.com/steveruizok",
				"followers_url": "https://api.github.com/users/steveruizok/followers",
				"following_url": "https://api.github.com/users/steveruizok/following{/other_user}",
				"gists_url": "https://api.github.com/users/steveruizok/gists{/gist_id}",
				"starred_url": "https://api.github.com/users/steveruizok/starred{/owner}{/repo}",
				"subscriptions_url": "https://api.github.com/users/steveruizok/subscriptions",
				"organizations_url": "https://api.github.com/users/steveruizok/orgs",
				"repos_url": "https://api.github.com/users/steveruizok/repos",
				"events_url": "https://api.github.com/users/steveruizok/events{/privacy}",
				"received_events_url": "https://api.github.com/users/steveruizok/received_events",
				"type": "User",
				"site_admin": false
			},
			"truncated": false
		},
		{
			"url": "https://api.github.com/gists/15b1ac344ead28c6802638f1ed32937d",
			"forks_url": "https://api.github.com/gists/15b1ac344ead28c6802638f1ed32937d/forks",
			"commits_url": "https://api.github.com/gists/15b1ac344ead28c6802638f1ed32937d/commits",
			"id": "15b1ac344ead28c6802638f1ed32937d",
			"node_id": "MDQ6R2lzdDE1YjFhYzM0NGVhZDI4YzY4MDI2MzhmMWVkMzI5Mzdk",
			"git_pull_url": "https://gist.github.com/15b1ac344ead28c6802638f1ed32937d.git",
			"git_push_url": "https://gist.github.com/15b1ac344ead28c6802638f1ed32937d.git",
			"html_url": "https://gist.github.com/15b1ac344ead28c6802638f1ed32937d",
			"files": {
				"Switch.tsx": {
					"filename": "Switch.tsx",
					"type": "text/plain",
					"language": "TSX",
					"raw_url": "https://gist.githubusercontent.com/steveruizok/15b1ac344ead28c6802638f1ed32937d/raw/712e196b7bc231bcc61542aba17828ddf7d8f74d/Switch.tsx",
					"size": 324
				}
			},
			"public": true,
			"created_at": "2019-05-07T09:07:31Z",
			"updated_at": "2019-05-07T09:15:56Z",
			"description": "Creates a tap handler to flip our Swich's state.",
			"comments": 0,
			"user": null,
			"comments_url": "https://api.github.com/gists/15b1ac344ead28c6802638f1ed32937d/comments",
			"owner": {
				"login": "steveruizok",
				"id": 23072548,
				"node_id": "MDQ6VXNlcjIzMDcyNTQ4",
				"avatar_url": "https://avatars2.githubusercontent.com/u/23072548?v=4",
				"gravatar_id": "",
				"url": "https://api.github.com/users/steveruizok",
				"html_url": "https://github.com/steveruizok",
				"followers_url": "https://api.github.com/users/steveruizok/followers",
				"following_url": "https://api.github.com/users/steveruizok/following{/other_user}",
				"gists_url": "https://api.github.com/users/steveruizok/gists{/gist_id}",
				"starred_url": "https://api.github.com/users/steveruizok/starred{/owner}{/repo}",
				"subscriptions_url": "https://api.github.com/users/steveruizok/subscriptions",
				"organizations_url": "https://api.github.com/users/steveruizok/orgs",
				"repos_url": "https://api.github.com/users/steveruizok/repos",
				"events_url": "https://api.github.com/users/steveruizok/events{/privacy}",
				"received_events_url": "https://api.github.com/users/steveruizok/received_events",
				"type": "User",
				"site_admin": false
			},
			"truncated": false
		},
		{
			"url": "https://api.github.com/gists/d2cf2c33e5c1a50aa880c88167eab253",
			"forks_url": "https://api.github.com/gists/d2cf2c33e5c1a50aa880c88167eab253/forks",
			"commits_url": "https://api.github.com/gists/d2cf2c33e5c1a50aa880c88167eab253/commits",
			"id": "d2cf2c33e5c1a50aa880c88167eab253",
			"node_id": "MDQ6R2lzdGQyY2YyYzMzZTVjMWE1MGFhODgwYzg4MTY3ZWFiMjUz",
			"git_pull_url": "https://gist.github.com/d2cf2c33e5c1a50aa880c88167eab253.git",
			"git_push_url": "https://gist.github.com/d2cf2c33e5c1a50aa880c88167eab253.git",
			"html_url": "https://gist.github.com/d2cf2c33e5c1a50aa880c88167eab253",
			"files": {
				"Switch.tsx": {
					"filename": "Switch.tsx",
					"type": "text/plain",
					"language": "TSX",
					"raw_url": "https://gist.githubusercontent.com/steveruizok/d2cf2c33e5c1a50aa880c88167eab253/raw/bbdec582be9337f1ec40235f2d336cf13dba1ca6/Switch.tsx",
					"size": 221
				}
			},
			"public": true,
			"created_at": "2019-05-07T09:01:21Z",
			"updated_at": "2019-05-09T16:18:28Z",
			"description": "Switch Tutorial - State",
			"comments": 0,
			"user": null,
			"comments_url": "https://api.github.com/gists/d2cf2c33e5c1a50aa880c88167eab253/comments",
			"owner": {
				"login": "steveruizok",
				"id": 23072548,
				"node_id": "MDQ6VXNlcjIzMDcyNTQ4",
				"avatar_url": "https://avatars2.githubusercontent.com/u/23072548?v=4",
				"gravatar_id": "",
				"url": "https://api.github.com/users/steveruizok",
				"html_url": "https://github.com/steveruizok",
				"followers_url": "https://api.github.com/users/steveruizok/followers",
				"following_url": "https://api.github.com/users/steveruizok/following{/other_user}",
				"gists_url": "https://api.github.com/users/steveruizok/gists{/gist_id}",
				"starred_url": "https://api.github.com/users/steveruizok/starred{/owner}{/repo}",
				"subscriptions_url": "https://api.github.com/users/steveruizok/subscriptions",
				"organizations_url": "https://api.github.com/users/steveruizok/orgs",
				"repos_url": "https://api.github.com/users/steveruizok/repos",
				"events_url": "https://api.github.com/users/steveruizok/events{/privacy}",
				"received_events_url": "https://api.github.com/users/steveruizok/received_events",
				"type": "User",
				"site_admin": false
			},
			"truncated": false
		},
		{
			"url": "https://api.github.com/gists/b13e135c37c122c26c2a74768d36daa4",
			"forks_url": "https://api.github.com/gists/b13e135c37c122c26c2a74768d36daa4/forks",
			"commits_url": "https://api.github.com/gists/b13e135c37c122c26c2a74768d36daa4/commits",
			"id": "b13e135c37c122c26c2a74768d36daa4",
			"node_id": "MDQ6R2lzdGIxM2UxMzVjMzdjMTIyYzI2YzJhNzQ3NjhkMzZkYWE0",
			"git_pull_url": "https://gist.github.com/b13e135c37c122c26c2a74768d36daa4.git",
			"git_push_url": "https://gist.github.com/b13e135c37c122c26c2a74768d36daa4.git",
			"html_url": "https://gist.github.com/b13e135c37c122c26c2a74768d36daa4",
			"files": {
				"Switch.tsx": {
					"filename": "Switch.tsx",
					"type": "text/plain",
					"language": "TSX",
					"raw_url": "https://gist.githubusercontent.com/steveruizok/b13e135c37c122c26c2a74768d36daa4/raw/8544df5bd6c06c70b7b1872065867c0f25db23a3/Switch.tsx",
					"size": 1803
				}
			},
			"public": true,
			"created_at": "2019-04-30T09:42:48Z",
			"updated_at": "2019-04-30T11:34:05Z",
			"description": "Switch Tutorial Finished Component",
			"comments": 0,
			"user": null,
			"comments_url": "https://api.github.com/gists/b13e135c37c122c26c2a74768d36daa4/comments",
			"owner": {
				"login": "steveruizok",
				"id": 23072548,
				"node_id": "MDQ6VXNlcjIzMDcyNTQ4",
				"avatar_url": "https://avatars2.githubusercontent.com/u/23072548?v=4",
				"gravatar_id": "",
				"url": "https://api.github.com/users/steveruizok",
				"html_url": "https://github.com/steveruizok",
				"followers_url": "https://api.github.com/users/steveruizok/followers",
				"following_url": "https://api.github.com/users/steveruizok/following{/other_user}",
				"gists_url": "https://api.github.com/users/steveruizok/gists{/gist_id}",
				"starred_url": "https://api.github.com/users/steveruizok/starred{/owner}{/repo}",
				"subscriptions_url": "https://api.github.com/users/steveruizok/subscriptions",
				"organizations_url": "https://api.github.com/users/steveruizok/orgs",
				"repos_url": "https://api.github.com/users/steveruizok/repos",
				"events_url": "https://api.github.com/users/steveruizok/events{/privacy}",
				"received_events_url": "https://api.github.com/users/steveruizok/received_events",
				"type": "User",
				"site_admin": false
			},
			"truncated": false
		},
		{
			"url": "https://api.github.com/gists/137909de2d579c98aac9586e00d4e76a",
			"forks_url": "https://api.github.com/gists/137909de2d579c98aac9586e00d4e76a/forks",
			"commits_url": "https://api.github.com/gists/137909de2d579c98aac9586e00d4e76a/commits",
			"id": "137909de2d579c98aac9586e00d4e76a",
			"node_id": "MDQ6R2lzdDEzNzkwOWRlMmQ1NzljOThhYWM5NTg2ZTAwZDRlNzZh",
			"git_pull_url": "https://gist.github.com/137909de2d579c98aac9586e00d4e76a.git",
			"git_push_url": "https://gist.github.com/137909de2d579c98aac9586e00d4e76a.git",
			"html_url": "https://gist.github.com/137909de2d579c98aac9586e00d4e76a",
			"files": {
				"SwitchParent.tsx": {
					"filename": "SwitchParent.tsx",
					"type": "text/plain",
					"language": "TSX",
					"raw_url": "https://gist.githubusercontent.com/steveruizok/137909de2d579c98aac9586e00d4e76a/raw/98253f1a5ad1f1a88dd35d9feb232a477e8e405e/SwitchParent.tsx",
					"size": 326
				}
			},
			"public": true,
			"created_at": "2019-04-30T09:35:41Z",
			"updated_at": "2019-04-30T09:35:41Z",
			"description": "Switch Tutorial - In React",
			"comments": 0,
			"user": null,
			"comments_url": "https://api.github.com/gists/137909de2d579c98aac9586e00d4e76a/comments",
			"owner": {
				"login": "steveruizok",
				"id": 23072548,
				"node_id": "MDQ6VXNlcjIzMDcyNTQ4",
				"avatar_url": "https://avatars2.githubusercontent.com/u/23072548?v=4",
				"gravatar_id": "",
				"url": "https://api.github.com/users/steveruizok",
				"html_url": "https://github.com/steveruizok",
				"followers_url": "https://api.github.com/users/steveruizok/followers",
				"following_url": "https://api.github.com/users/steveruizok/following{/other_user}",
				"gists_url": "https://api.github.com/users/steveruizok/gists{/gist_id}",
				"starred_url": "https://api.github.com/users/steveruizok/starred{/owner}{/repo}",
				"subscriptions_url": "https://api.github.com/users/steveruizok/subscriptions",
				"organizations_url": "https://api.github.com/users/steveruizok/orgs",
				"repos_url": "https://api.github.com/users/steveruizok/repos",
				"events_url": "https://api.github.com/users/steveruizok/events{/privacy}",
				"received_events_url": "https://api.github.com/users/steveruizok/received_events",
				"type": "User",
				"site_admin": false
			},
			"truncated": false
		},
		{
			"url": "https://api.github.com/gists/bc606f02c03c07dc82fa1773ef341f75",
			"forks_url": "https://api.github.com/gists/bc606f02c03c07dc82fa1773ef341f75/forks",
			"commits_url": "https://api.github.com/gists/bc606f02c03c07dc82fa1773ef341f75/commits",
			"id": "bc606f02c03c07dc82fa1773ef341f75",
			"node_id": "MDQ6R2lzdGJjNjA2ZjAyYzAzYzA3ZGM4MmZhMTc3M2VmMzQxZjc1",
			"git_pull_url": "https://gist.github.com/bc606f02c03c07dc82fa1773ef341f75.git",
			"git_push_url": "https://gist.github.com/bc606f02c03c07dc82fa1773ef341f75.git",
			"html_url": "https://gist.github.com/bc606f02c03c07dc82fa1773ef341f75",
			"files": {
				"Switch.tsx": {
					"filename": "Switch.tsx",
					"type": "text/plain",
					"language": "XML",
					"raw_url": "https://gist.githubusercontent.com/steveruizok/bc606f02c03c07dc82fa1773ef341f75/raw/cd7f8c8d44263bff01a40379e3acadedf8e2afa3/Switch.tsx",
					"size": 656
				}
			},
			"public": true,
			"created_at": "2019-04-30T09:12:36Z",
			"updated_at": "2019-04-30T09:12:36Z",
			"description": "Switch Tutorial transition",
			"comments": 0,
			"user": null,
			"comments_url": "https://api.github.com/gists/bc606f02c03c07dc82fa1773ef341f75/comments",
			"owner": {
				"login": "steveruizok",
				"id": 23072548,
				"node_id": "MDQ6VXNlcjIzMDcyNTQ4",
				"avatar_url": "https://avatars2.githubusercontent.com/u/23072548?v=4",
				"gravatar_id": "",
				"url": "https://api.github.com/users/steveruizok",
				"html_url": "https://github.com/steveruizok",
				"followers_url": "https://api.github.com/users/steveruizok/followers",
				"following_url": "https://api.github.com/users/steveruizok/following{/other_user}",
				"gists_url": "https://api.github.com/users/steveruizok/gists{/gist_id}",
				"starred_url": "https://api.github.com/users/steveruizok/starred{/owner}{/repo}",
				"subscriptions_url": "https://api.github.com/users/steveruizok/subscriptions",
				"organizations_url": "https://api.github.com/users/steveruizok/orgs",
				"repos_url": "https://api.github.com/users/steveruizok/repos",
				"events_url": "https://api.github.com/users/steveruizok/events{/privacy}",
				"received_events_url": "https://api.github.com/users/steveruizok/received_events",
				"type": "User",
				"site_admin": false
			},
			"truncated": false
		},
		{
			"url": "https://api.github.com/gists/77886d045e869e8da0f5b7af2aeb97e5",
			"forks_url": "https://api.github.com/gists/77886d045e869e8da0f5b7af2aeb97e5/forks",
			"commits_url": "https://api.github.com/gists/77886d045e869e8da0f5b7af2aeb97e5/commits",
			"id": "77886d045e869e8da0f5b7af2aeb97e5",
			"node_id": "MDQ6R2lzdDc3ODg2ZDA0NWU4NjllOGRhMGY1YjdhZjJhZWI5N2U1",
			"git_pull_url": "https://gist.github.com/77886d045e869e8da0f5b7af2aeb97e5.git",
			"git_push_url": "https://gist.github.com/77886d045e869e8da0f5b7af2aeb97e5.git",
			"html_url": "https://gist.github.com/77886d045e869e8da0f5b7af2aeb97e5",
			"files": {
				"Switch.tsx": {
					"filename": "Switch.tsx",
					"type": "text/plain",
					"language": "XML",
					"raw_url": "https://gist.githubusercontent.com/steveruizok/77886d045e869e8da0f5b7af2aeb97e5/raw/0d6fa4cc0ab9aad62a0af077d42153afb44b898f/Switch.tsx",
					"size": 418
				}
			},
			"public": true,
			"created_at": "2019-04-30T09:04:22Z",
			"updated_at": "2019-04-30T09:04:22Z",
			"description": "Switch Tutorial Variants",
			"comments": 0,
			"user": null,
			"comments_url": "https://api.github.com/gists/77886d045e869e8da0f5b7af2aeb97e5/comments",
			"owner": {
				"login": "steveruizok",
				"id": 23072548,
				"node_id": "MDQ6VXNlcjIzMDcyNTQ4",
				"avatar_url": "https://avatars2.githubusercontent.com/u/23072548?v=4",
				"gravatar_id": "",
				"url": "https://api.github.com/users/steveruizok",
				"html_url": "https://github.com/steveruizok",
				"followers_url": "https://api.github.com/users/steveruizok/followers",
				"following_url": "https://api.github.com/users/steveruizok/following{/other_user}",
				"gists_url": "https://api.github.com/users/steveruizok/gists{/gist_id}",
				"starred_url": "https://api.github.com/users/steveruizok/starred{/owner}{/repo}",
				"subscriptions_url": "https://api.github.com/users/steveruizok/subscriptions",
				"organizations_url": "https://api.github.com/users/steveruizok/orgs",
				"repos_url": "https://api.github.com/users/steveruizok/repos",
				"events_url": "https://api.github.com/users/steveruizok/events{/privacy}",
				"received_events_url": "https://api.github.com/users/steveruizok/received_events",
				"type": "User",
				"site_admin": false
			},
			"truncated": false
		},
		{
			"url": "https://api.github.com/gists/08e199f1a6cc16435a460b2814c527b6",
			"forks_url": "https://api.github.com/gists/08e199f1a6cc16435a460b2814c527b6/forks",
			"commits_url": "https://api.github.com/gists/08e199f1a6cc16435a460b2814c527b6/commits",
			"id": "08e199f1a6cc16435a460b2814c527b6",
			"node_id": "MDQ6R2lzdDA4ZTE5OWYxYTZjYzE2NDM1YTQ2MGIyODE0YzUyN2I2",
			"git_pull_url": "https://gist.github.com/08e199f1a6cc16435a460b2814c527b6.git",
			"git_push_url": "https://gist.github.com/08e199f1a6cc16435a460b2814c527b6.git",
			"html_url": "https://gist.github.com/08e199f1a6cc16435a460b2814c527b6",
			"files": {
				"Switch.tsx": {
					"filename": "Switch.tsx",
					"type": "text/plain",
					"language": "XML",
					"raw_url": "https://gist.githubusercontent.com/steveruizok/08e199f1a6cc16435a460b2814c527b6/raw/2331bd4ff595028863e44f6d628dbaa6d8333cb7/Switch.tsx",
					"size": 231
				}
			},
			"public": true,
			"created_at": "2019-04-30T09:02:12Z",
			"updated_at": "2019-04-30T09:03:06Z",
			"description": "Switch Tutorial Frames",
			"comments": 0,
			"user": null,
			"comments_url": "https://api.github.com/gists/08e199f1a6cc16435a460b2814c527b6/comments",
			"owner": {
				"login": "steveruizok",
				"id": 23072548,
				"node_id": "MDQ6VXNlcjIzMDcyNTQ4",
				"avatar_url": "https://avatars2.githubusercontent.com/u/23072548?v=4",
				"gravatar_id": "",
				"url": "https://api.github.com/users/steveruizok",
				"html_url": "https://github.com/steveruizok",
				"followers_url": "https://api.github.com/users/steveruizok/followers",
				"following_url": "https://api.github.com/users/steveruizok/following{/other_user}",
				"gists_url": "https://api.github.com/users/steveruizok/gists{/gist_id}",
				"starred_url": "https://api.github.com/users/steveruizok/starred{/owner}{/repo}",
				"subscriptions_url": "https://api.github.com/users/steveruizok/subscriptions",
				"organizations_url": "https://api.github.com/users/steveruizok/orgs",
				"repos_url": "https://api.github.com/users/steveruizok/repos",
				"events_url": "https://api.github.com/users/steveruizok/events{/privacy}",
				"received_events_url": "https://api.github.com/users/steveruizok/received_events",
				"type": "User",
				"site_admin": false
			},
			"truncated": false
		},
		{
			"url": "https://api.github.com/gists/dadf2dccac6d99ec418461588544f6cd",
			"forks_url": "https://api.github.com/gists/dadf2dccac6d99ec418461588544f6cd/forks",
			"commits_url": "https://api.github.com/gists/dadf2dccac6d99ec418461588544f6cd/commits",
			"id": "dadf2dccac6d99ec418461588544f6cd",
			"node_id": "MDQ6R2lzdGRhZGYyZGNjYWM2ZDk5ZWM0MTg0NjE1ODg1NDRmNmNk",
			"git_pull_url": "https://gist.github.com/dadf2dccac6d99ec418461588544f6cd.git",
			"git_push_url": "https://gist.github.com/dadf2dccac6d99ec418461588544f6cd.git",
			"html_url": "https://gist.github.com/dadf2dccac6d99ec418461588544f6cd",
			"files": {
				"Switch.tsx": {
					"filename": "Switch.tsx",
					"type": "text/plain",
					"language": "TSX",
					"raw_url": "https://gist.githubusercontent.com/steveruizok/dadf2dccac6d99ec418461588544f6cd/raw/257b67b61abd95e940a18f424b8d2e144f2dade8/Switch.tsx",
					"size": 104
				}
			},
			"public": true,
			"created_at": "2019-04-30T09:01:19Z",
			"updated_at": "2019-04-30T09:01:19Z",
			"description": "Switch Tutorial Default Props",
			"comments": 0,
			"user": null,
			"comments_url": "https://api.github.com/gists/dadf2dccac6d99ec418461588544f6cd/comments",
			"owner": {
				"login": "steveruizok",
				"id": 23072548,
				"node_id": "MDQ6VXNlcjIzMDcyNTQ4",
				"avatar_url": "https://avatars2.githubusercontent.com/u/23072548?v=4",
				"gravatar_id": "",
				"url": "https://api.github.com/users/steveruizok",
				"html_url": "https://github.com/steveruizok",
				"followers_url": "https://api.github.com/users/steveruizok/followers",
				"following_url": "https://api.github.com/users/steveruizok/following{/other_user}",
				"gists_url": "https://api.github.com/users/steveruizok/gists{/gist_id}",
				"starred_url": "https://api.github.com/users/steveruizok/starred{/owner}{/repo}",
				"subscriptions_url": "https://api.github.com/users/steveruizok/subscriptions",
				"organizations_url": "https://api.github.com/users/steveruizok/orgs",
				"repos_url": "https://api.github.com/users/steveruizok/repos",
				"events_url": "https://api.github.com/users/steveruizok/events{/privacy}",
				"received_events_url": "https://api.github.com/users/steveruizok/received_events",
				"type": "User",
				"site_admin": false
			},
			"truncated": false
		},
		{
			"url": "https://api.github.com/gists/20c0dd7df129197cce0366ec5df7546e",
			"forks_url": "https://api.github.com/gists/20c0dd7df129197cce0366ec5df7546e/forks",
			"commits_url": "https://api.github.com/gists/20c0dd7df129197cce0366ec5df7546e/commits",
			"id": "20c0dd7df129197cce0366ec5df7546e",
			"node_id": "MDQ6R2lzdDIwYzBkZDdkZjEyOTE5N2NjZTAzNjZlYzVkZjc1NDZl",
			"git_pull_url": "https://gist.github.com/20c0dd7df129197cce0366ec5df7546e.git",
			"git_push_url": "https://gist.github.com/20c0dd7df129197cce0366ec5df7546e.git",
			"html_url": "https://gist.github.com/20c0dd7df129197cce0366ec5df7546e",
			"files": {
				"Switch.tsx": {
					"filename": "Switch.tsx",
					"type": "text/plain",
					"language": "TSX",
					"raw_url": "https://gist.githubusercontent.com/steveruizok/20c0dd7df129197cce0366ec5df7546e/raw/b18e2daeb9017c5befea3f99be6905d8cbd5f7b9/Switch.tsx",
					"size": 115
				}
			},
			"public": true,
			"created_at": "2019-04-30T09:00:00Z",
			"updated_at": "2019-04-30T09:00:00Z",
			"description": "Switch tutorial Frames",
			"comments": 0,
			"user": null,
			"comments_url": "https://api.github.com/gists/20c0dd7df129197cce0366ec5df7546e/comments",
			"owner": {
				"login": "steveruizok",
				"id": 23072548,
				"node_id": "MDQ6VXNlcjIzMDcyNTQ4",
				"avatar_url": "https://avatars2.githubusercontent.com/u/23072548?v=4",
				"gravatar_id": "",
				"url": "https://api.github.com/users/steveruizok",
				"html_url": "https://github.com/steveruizok",
				"followers_url": "https://api.github.com/users/steveruizok/followers",
				"following_url": "https://api.github.com/users/steveruizok/following{/other_user}",
				"gists_url": "https://api.github.com/users/steveruizok/gists{/gist_id}",
				"starred_url": "https://api.github.com/users/steveruizok/starred{/owner}{/repo}",
				"subscriptions_url": "https://api.github.com/users/steveruizok/subscriptions",
				"organizations_url": "https://api.github.com/users/steveruizok/orgs",
				"repos_url": "https://api.github.com/users/steveruizok/repos",
				"events_url": "https://api.github.com/users/steveruizok/events{/privacy}",
				"received_events_url": "https://api.github.com/users/steveruizok/received_events",
				"type": "User",
				"site_admin": false
			},
			"truncated": false
		},
		{
			"url": "https://api.github.com/gists/554e31f7ca64e1dc0a9b29d009bf28ca",
			"forks_url": "https://api.github.com/gists/554e31f7ca64e1dc0a9b29d009bf28ca/forks",
			"commits_url": "https://api.github.com/gists/554e31f7ca64e1dc0a9b29d009bf28ca/commits",
			"id": "554e31f7ca64e1dc0a9b29d009bf28ca",
			"node_id": "MDQ6R2lzdDU1NGUzMWY3Y2E2NGUxZGMwYTliMjlkMDA5YmYyOGNh",
			"git_pull_url": "https://gist.github.com/554e31f7ca64e1dc0a9b29d009bf28ca.git",
			"git_push_url": "https://gist.github.com/554e31f7ca64e1dc0a9b29d009bf28ca.git",
			"html_url": "https://gist.github.com/554e31f7ca64e1dc0a9b29d009bf28ca",
			"files": {
				"Switch.tsx": {
					"filename": "Switch.tsx",
					"type": "text/plain",
					"language": "TSX",
					"raw_url": "https://gist.githubusercontent.com/steveruizok/554e31f7ca64e1dc0a9b29d009bf28ca/raw/963a464101a26abc59a0eade5c93d47d1f8ee743/Switch.tsx",
					"size": 821
				}
			},
			"public": true,
			"created_at": "2019-04-26T16:34:00Z",
			"updated_at": "2019-04-26T16:34:01Z",
			"description": "Switch Tutorial Property Controls",
			"comments": 0,
			"user": null,
			"comments_url": "https://api.github.com/gists/554e31f7ca64e1dc0a9b29d009bf28ca/comments",
			"owner": {
				"login": "steveruizok",
				"id": 23072548,
				"node_id": "MDQ6VXNlcjIzMDcyNTQ4",
				"avatar_url": "https://avatars2.githubusercontent.com/u/23072548?v=4",
				"gravatar_id": "",
				"url": "https://api.github.com/users/steveruizok",
				"html_url": "https://github.com/steveruizok",
				"followers_url": "https://api.github.com/users/steveruizok/followers",
				"following_url": "https://api.github.com/users/steveruizok/following{/other_user}",
				"gists_url": "https://api.github.com/users/steveruizok/gists{/gist_id}",
				"starred_url": "https://api.github.com/users/steveruizok/starred{/owner}{/repo}",
				"subscriptions_url": "https://api.github.com/users/steveruizok/subscriptions",
				"organizations_url": "https://api.github.com/users/steveruizok/orgs",
				"repos_url": "https://api.github.com/users/steveruizok/repos",
				"events_url": "https://api.github.com/users/steveruizok/events{/privacy}",
				"received_events_url": "https://api.github.com/users/steveruizok/received_events",
				"type": "User",
				"site_admin": false
			},
			"truncated": false
		},
		{
			"url": "https://api.github.com/gists/7f5875b3916088502db90da106f6867e",
			"forks_url": "https://api.github.com/gists/7f5875b3916088502db90da106f6867e/forks",
			"commits_url": "https://api.github.com/gists/7f5875b3916088502db90da106f6867e/commits",
			"id": "7f5875b3916088502db90da106f6867e",
			"node_id": "MDQ6R2lzdDdmNTg3NWIzOTE2MDg4NTAyZGI5MGRhMTA2ZjY4Njdl",
			"git_pull_url": "https://gist.github.com/7f5875b3916088502db90da106f6867e.git",
			"git_push_url": "https://gist.github.com/7f5875b3916088502db90da106f6867e.git",
			"html_url": "https://gist.github.com/7f5875b3916088502db90da106f6867e",
			"files": {
				"Switch.tsx": {
					"filename": "Switch.tsx",
					"type": "text/plain",
					"language": "TSX",
					"raw_url": "https://gist.githubusercontent.com/steveruizok/7f5875b3916088502db90da106f6867e/raw/19310b55f76bda1d83bef1717aacbed4590e18f5/Switch.tsx",
					"size": 675
				}
			},
			"public": true,
			"created_at": "2019-04-26T16:29:44Z",
			"updated_at": "2019-04-26T16:29:44Z",
			"description": "Switch Tutorial Controlling State From Props",
			"comments": 0,
			"user": null,
			"comments_url": "https://api.github.com/gists/7f5875b3916088502db90da106f6867e/comments",
			"owner": {
				"login": "steveruizok",
				"id": 23072548,
				"node_id": "MDQ6VXNlcjIzMDcyNTQ4",
				"avatar_url": "https://avatars2.githubusercontent.com/u/23072548?v=4",
				"gravatar_id": "",
				"url": "https://api.github.com/users/steveruizok",
				"html_url": "https://github.com/steveruizok",
				"followers_url": "https://api.github.com/users/steveruizok/followers",
				"following_url": "https://api.github.com/users/steveruizok/following{/other_user}",
				"gists_url": "https://api.github.com/users/steveruizok/gists{/gist_id}",
				"starred_url": "https://api.github.com/users/steveruizok/starred{/owner}{/repo}",
				"subscriptions_url": "https://api.github.com/users/steveruizok/subscriptions",
				"organizations_url": "https://api.github.com/users/steveruizok/orgs",
				"repos_url": "https://api.github.com/users/steveruizok/repos",
				"events_url": "https://api.github.com/users/steveruizok/events{/privacy}",
				"received_events_url": "https://api.github.com/users/steveruizok/received_events",
				"type": "User",
				"site_admin": false
			},
			"truncated": false
		},
		{
			"url": "https://api.github.com/gists/77a646a687a393215ab8a5f50b83c859",
			"forks_url": "https://api.github.com/gists/77a646a687a393215ab8a5f50b83c859/forks",
			"commits_url": "https://api.github.com/gists/77a646a687a393215ab8a5f50b83c859/commits",
			"id": "77a646a687a393215ab8a5f50b83c859",
			"node_id": "MDQ6R2lzdDc3YTY0NmE2ODdhMzkzMjE1YWI4YTVmNTBiODNjODU5",
			"git_pull_url": "https://gist.github.com/77a646a687a393215ab8a5f50b83c859.git",
			"git_push_url": "https://gist.github.com/77a646a687a393215ab8a5f50b83c859.git",
			"html_url": "https://gist.github.com/77a646a687a393215ab8a5f50b83c859",
			"files": {
				"Switch.tsx": {
					"filename": "Switch.tsx",
					"type": "text/plain",
					"language": "TSX",
					"raw_url": "https://gist.githubusercontent.com/steveruizok/77a646a687a393215ab8a5f50b83c859/raw/1442ee34c4aa33aeffe2c787be2ab6edbe68800b/Switch.tsx",
					"size": 569
				}
			},
			"public": true,
			"created_at": "2019-04-26T16:24:21Z",
			"updated_at": "2019-04-26T16:25:13Z",
			"description": "Switch Tutorial Props",
			"comments": 0,
			"user": null,
			"comments_url": "https://api.github.com/gists/77a646a687a393215ab8a5f50b83c859/comments",
			"owner": {
				"login": "steveruizok",
				"id": 23072548,
				"node_id": "MDQ6VXNlcjIzMDcyNTQ4",
				"avatar_url": "https://avatars2.githubusercontent.com/u/23072548?v=4",
				"gravatar_id": "",
				"url": "https://api.github.com/users/steveruizok",
				"html_url": "https://github.com/steveruizok",
				"followers_url": "https://api.github.com/users/steveruizok/followers",
				"following_url": "https://api.github.com/users/steveruizok/following{/other_user}",
				"gists_url": "https://api.github.com/users/steveruizok/gists{/gist_id}",
				"starred_url": "https://api.github.com/users/steveruizok/starred{/owner}{/repo}",
				"subscriptions_url": "https://api.github.com/users/steveruizok/subscriptions",
				"organizations_url": "https://api.github.com/users/steveruizok/orgs",
				"repos_url": "https://api.github.com/users/steveruizok/repos",
				"events_url": "https://api.github.com/users/steveruizok/events{/privacy}",
				"received_events_url": "https://api.github.com/users/steveruizok/received_events",
				"type": "User",
				"site_admin": false
			},
			"truncated": false
		}
	]
}
